compound_id,smiles
0,O=[N+]([O-])c1cccc(O)c1
1,CCCCCOC(C)=O
2,O=[N+]([O-])c1ccccc1O
3,CCOC(=O)c1ccc(O)cc1
4,CCOC(=O)c1cccc(O)c1
5,CCOC(=O)c1ccccc1O
6,OCc1ccccc1
7,OC(c1ccccc1)c1ccccc1
8,OC(c1ccccc1)(c1ccccc1)c1ccccc1
9,Oc1ccc2ccccc2c1
10,Oc1cccc2ccccc12
11,Oc1ccc(Cl)cc1
12,CCO
13,Oc1ccccc1Cl
14,Oc1cccc(Cl)c1
15,COCc1ccccc1
16,CC(=O)OCc1ccccc1
17,Nc1ccccc1
18,C1CCCCC1
19,O=S(=O)(O)O
20,CCOCC
21,O=[N+]([O-])c1ccccc1
22,CCCCCC
23,CC(=O)O
24,O
25,CCCC(=O)O
26,O=CO
27,CO
28,CC(C)O
29,CC(C)CCO
30,CC(C)CC(=O)O
31,CC(C)CO
32,CCC(=O)O
33,CC(C)C(=O)O
34,CCCO
35,c1ccccc1
36,Cc1ccccc1
37,C=CCO
38,OCCO
39,Cc1cccc(C)n1
40,c1ccncc1
41,Cc1cccnc1
42,Cc1ccccn1
43,CCCCCCOC(C)=O
44,C1CCOC1
45,C1COCCO1
46,COc1ccccc1
47,C=COCCCC
48,Oc1ccccc1
49,CC(=O)Oc1ccccc1
50,CCOc1ccccc1
51,Cc1ccc(O)cc1
52,Cc1ccccc1O
53,Cc1cccc(O)c1
54,COc1cccc(C)c1
55,COc1ccccc1C
56,COc1ccc(C)cc1
57,O=[N+]([O-])c1ccc(O)cc1
58,c1ccc(Oc2ccccc2)cc1
59,ClC(Cl)Cl
60,O=S=O
61,ClC(Cl)(Cl)Cl
62,ClCl
63,CC(C)=O
64,S
65,S=C=S
66,CCCCCCC
67,CCOC(C)=O
68,COC(C)=O
69,CN(C)c1ccccc1
70,CN(c1ccccc1)c1ccccc1
71,c1ccc2ncccc2c1
72,Clc1ccccc1
73,Cc1ccc(N)cc1
74,c1ccc(Nc2ccccc2)cc1
75,c1ccc2ccccc2c1
76,c1ccc(-c2ccccc2)cc1
77,O=C(OCc1ccccc1)c1ccccc1
78,CCOC(=O)c1ccccc1
79,O=C(O)C(Cl)(Cl)Cl
80,CC(=O)c1ccccc1
81,[Cl-].[Cl-].[Cl-].[Cl-].[Sn+4]
82,CCCC(=O)OC
83,CC(O)CN
84,NCCNCCO
85,NCCCO
86,NCCNCCN
87,CCn1cc[n+](C)c1.O=S(=O)([O-])C(F)(F)F
88,CS(C)=O
89,C=CCc1ccc2c(c1)OCO2
90,C=CCc1ccc(O)c(OC)c1
91,CC=Cc1ccc(O)c(OC)c1
92,CCc1ccccc1
93,C=Cc1ccccc1
94,O=C(Cc1ccccc1)Cc1ccccc1
95,O=C(c1ccccc1)c1ccccc1
96,CC=Cc1ccc2c(c1)OCO2
97,CC(=O)C=C(C)C
98,O=C(Cc1ccccc1)c1ccccc1
99,CC(C)=CC(=O)C=C(C)C
100,C#Cc1ccccc1
101,CC(=O)CCc1ccccc1
102,O=CC(Cl)(Cl)Cl
103,Nc1cccc2ccccc12
104,NNc1ccccc1
105,CCCCCCCCN(CCCCCCCC)CCCCCCCC
106,CCCCCCO
107,CCCCCCCCO
108,O=[N+]([O-])[O-].[Ag+]
109,CC#N
110,Nc1cccc(Cl)c1
111,CCNc1ccccc1
112,CCN(CC)c1ccccc1
113,CC(=O)Nc1ccccc1
114,COc1ccccc1O
115,CNc1ccccc1
116,Cc1ccccc1N
117,C=CCN=C=S
118,CCOC(N)=O
119,O=S(Cl)Cl
120,Cc1cc(C)cc(C)c1
121,O=S(=O)(Cl)Cl
122,OCC(O)CO
123,Cl[As](Cl)Cl
124,c1ccc2c(c1)CCCC2
125,C1CCC2CCCCC2C1
126,ClCCCl
127,BrCCBr
128,CCCCO
129,CCC(O)CC
130,CC(C)(C)O
131,C1CCCC1
132,C1CCCCCC1
133,CC1CCCCC1
134,[Br-].[Br-].[Br-].[Br-].[Sn+4]
135,C1CCNCC1
136,CCOC=O
137,[O-][Cl+3]([O-])([O-])O
138,O=C(O)c1ccccc1
139,CCCCCCCC
140,C1C[C@@H]2[C@H]3CC[C@H](C3)[C@@H]2C1
141,CC(O)CO
142,O=C1CCCCC1
143,OC1CCCCC1
144,Brc1ccc(Br)cc1
145,O=[N+]([O-])c1cccc([N+](=O)[O-])c1
146,C1=Cc2cccc3cccc1c23
147,Brc1ccccc1
148,Nc1ccccc1[N+](=O)[O-]
149,NC(N)=O
150,O=C([O-])[C@H](O)[C@@H](O)C(=O)[O-].[K+].[K+]
151,CCCCCCCCCC
152,C=Cn1cc[n+](CC(N)=O)c1.O=S(=O)([N-]S(=O)(=O)C(F)(F)F)C(F)(F)F
153,CC(=O)[O-].CCCC[n+]1ccn(C)c1
154,CCC(C)O
155,CCOS(=O)(=O)[O-].CC[n+]1ccn(C)c1
156,O=C(O)CCl
157,CCC(C)=O
158,CCCC(C)=O
159,C1COCCN1
160,NC=O
161,C1COCOC1
162,CCCCCCCCCCCCCCCC
163,CCNCC
164,CC(N)=O
165,O=[N+]([O-])C([N+](=O)[O-])([N+](=O)[O-])[N+](=O)[O-]
166,CN1CCC[C@H]1c1cccnc1
167,Cc1ccccc1[N+](=O)[O-]
168,FC(F)(F)C(F)(F)Cl
169,CC(F)F
170,FC(F)Cl
171,CC(F)(F)Cl
172,FCCl
173,FC(F)(Cl)C(F)(F)Cl
174,FC(F)(Cl)Cl
175,Cc1cccc(C)c1
176,Cc1ccc(C(C)C)cc1
177,CC(=O)CC(C)C
178,OCCOCCOCCOCCO
179,C[n+]1ccn(CCCCCn2cc[n+](C)c2)c1.O=S(=O)([N-]S(=O)(=O)C(F)(F)F)C(F)(F)F.O=S(=O)([N-]S(=O)(=O)C(F)(F)F)C(F)(F)F
180,CN1CCCC1=O
181,C[N+](C)(C)CCO.[Cl-]
182,O=C(O)CC(=O)O
183,[Cl-].[Cl-].[Mg+2]
184,O=c1oc2ccccc2c(O)c1C(c1ccccc1)c1c(O)c2ccccc2oc1=O
185,ClC(Cl)C(Cl)Cl
186,CCN(C=O)CC
187,CCCCCO
188,CCCCCl
189,CCCCBr
190,Ic1ccccc1
191,N#Cc1ccccc1
192,[Cl-].[Cl-].[Cl-].[Cl-].[Ge+4]
193,CSC
194,c1ccc(Cc2ccccc2)cc1
195,NCCN
196,O=P(O)(O)O
197,Cc1ccc(C)cc1
198,Cc1ccccc1C
199,CC(C)c1ccccc1
200,CCCCOC(C)=O
201,CCCCCOC(=O)CCC
202,CC(=O)OC(C)=O
203,CC(O)=S
204,O=Cc1ccccc1
205,CCOC(C)OCC
206,Cl[Si](Cl)(Cl)Cl
207,COCOC
208,CCCCCCCCCCCC
209,CCCCCCCCCCCCCC
210,CCCCCC(=O)O
211,CC(=O)N(C)C
212,CCOC(=O)c1ccccc1C(=O)OCC
213,OCCOCCO
214,OCCOCCOCCO
215,COCCOC
216,COc1ccccc1N
217,ClCC(Cl)Cl
218,C[N+](=O)[O-]
219,COCCOCCOC
220,CCCC[P+](C)(CCCC)CCCC.COS(=O)(=O)[O-]
221,CN(C)C=O
222,CCC#N
223,CCS(=O)CC
224,NCCCC(=O)O
225,CN(C)C(=N)NC(=N)N.Cl
226,CCn1cc[n+](C)c1.N#C[S-]
227,CC[n+]1ccn(C)c1.N#C[N-]C#N
228,OC(C(F)(F)F)C(F)(F)F
229,[He]
230,[Kr]
231,N#N
232,O=C=O
233,[Ar]
234,CCCCC
235,COC(N)=O
236,CCCCCCCO
237,NS(=O)(=O)O
238,CCn1cc[n+](C)c1.O=S(=O)([N-]S(=O)(=O)C(F)(F)F)C(F)(F)F
239,CCCCn1cc[n+](C)c1.CCOS(=O)(=O)[O-]
240,CC[n+]1cc[nH]c1.O=S(=O)([N-]S(=O)(=O)C(F)(F)F)C(F)(F)F
241,CCCCn1cc[n+](C)c1.F[P-](F)(F)(F)(F)F
242,CCCCn1cc[n+](C)c1.F[B-](F)(F)F
243,CCCC[n+]1ccn(C)c1.O=C([O-])C(F)(F)F
244,CCCCn1cc[n+](C)c1.O=S(=O)([O-])C(F)(F)F
245,CCCCn1cc[n+](C)c1.O=S(=O)([N-]S(=O)(=O)C(F)(F)F)C(F)(F)F
246,CCCC[N+]1(C)CCCCC1.O=S(=O)([N-]S(=O)(=O)C(F)(F)F)C(F)(F)F
247,C[N+](C)(C)CCO.O=S(=O)([N-]S(=O)(=O)C(F)(F)F)C(F)(F)F
248,CCCC[N+]1(C)CCCC1.O=S(=O)([N-]S(=O)(=O)C(F)(F)F)C(F)(F)F
249,CCCC[n+]1ccn(C)c1C.F[B-](F)(F)F
250,CCC[n+]1ccn(C)c1C.O=S(=O)([N-]S(=O)(=O)C(F)(F)F)C(F)(F)F
251,O=C1CCCN1
252,CCCC=O
253,O=S(=O)([O-])[O-].O=S(=O)([O-])[O-].[NH4+].[NH4+].[Ni+2]
254,C=CC[n+]1ccn(C)c1.[Cl-]
255,CCCCC(C)O
256,CCCCCC(C)O
257,CCCCCCC(C)O
258,CCCCCCCCCCCCBr
259,BrC(Br)C(Br)Br
260,ClC=C(Cl)Cl
261,O=S1(=O)CCCC1
262,Cc1cccc(C(C)C)c1
263,COCCOCCOCCOC
264,[2H]O[2H]
265,CC[N+](=O)[O-]
266,O=CC(Br)(Br)Br
267,CC(C)COCCO
268,[Ne]
269,CCn1cc[n+](C)c1.F[B-](F)(F)F
270,CCn1cc[n+](C)c1C.O=S(=O)([N-]S(=O)(=O)C(F)(F)F)C(F)(F)F
271,O=C1CCCO1
272,CCCCn1cc[n+](C)c1C.O=S(=O)([N-]S(=O)(=O)C(F)(F)F)C(F)(F)F
273,O=C1OCCO1
274,CNC(C)=O
275,O=S(=O)([O-])[O-].[NH3+]O.[NH3+]O
276,CC1COC(=O)O1
277,CCCC[N+](CCCC)(CCCC)CCCC.[Br-]
278,BrC(Br)Br
279,N#CCc1ccccc1
280,CCCC#N
281,[Br-].[Li+]
282,[I-].[Li+]
283,Fc1c(F)c(F)c(F)c(F)c1F
284,NC(CO)CO
285,C1CNCCN1.C1CNCCN1.C1CNCCN1.O=C(O)CC(O)(CC(=O)O)C(=O)O.O=C(O)CC(O)(CC(=O)O)C(=O)O
286,[Cl-].[Na+]
287,O=C[C@H](O)[C@@H](O)[C@H](O)[C@H](O)CO
288,C=CC#N
289,N#CCCl
290,CC1(C)OC1C#N
291,CCC1(C)OC1C#N
292,CC1(c2ccccc2)OC1C#N
293,CCCCCCCCCO
294,CC(C)CC(C)(C)C
295,[Li+].[OH-]
296,[Na+].[OH-]
297,[K+].[OH-]
298,O=[N+]([O-])[O-].[Li+]
299,N
300,O=[N+]([O-])[O-].[Na+]
301,O=[N+]([O-])[O-].O=[N+]([O-])[O-].[Ba+2]
302,O=[N+]([O-])[O-].[K+]
303,O=S(=O)([O-])[O-].[Li+].[Li+]
304,O=[N+]([O-])[O-].O=[N+]([O-])[O-].[Ca+2]
305,O=S(=O)([O-])[O-].[Ni+2]
306,Cc1cccc2ccccc12
307,CC(CC(C)(C)C)CC(C)(C)CC(C)(C)C
308,CCCC(C)O
309,C=O
310,N[C@@H](CO)C(=O)O
311,CN[C@@H]1[C@H](O[C@H]2[C@H](O[C@H]3[C@H](O)[C@@H](O)[C@H](NC(=N)N)[C@@H](O)[C@@H]3NC(=N)N)O[C@@H](C)[C@]2(O)C=O)O[C@@H](CO)[C@H](O)[C@H]1O.CN[C@@H]1[C@H](O[C@H]2[C@H](O[C@H]3[C@H](O)[C@@H](O)[C@H](NC(=N)N)[C@@H](O)[C@@H]3NC(=N)N)O[C@@H](C)[C@]2(O)C=O)O[C@@H](CO)[C@H](O)[C@H]1O.O=S(=O)(O)O.O=S(=O)(O)O.O=S(=O)(O)O
312,C[C@@H](O)[C@H](N)C(=O)O
313,CC(C)C[C@H](N)C(=O)O
314,C=CC(=O)OC
315,C=CC(=O)OCC
316,C=CC(=O)OCCCC
317,C=CC(=O)OC(C)(C)C
318,O=C([O-])[O-].[Na+].[Na+]
319,O=C1CCCC1
320,OCCCO
321,CCCCN
322,[Cl-].[K+]
323,CCN(CC)CC
324,CNC=O
325,ClCCl
326,COCCOCCOCCOCCOC
327,ClC(Cl)=C(Cl)Cl
328,O=S(=O)([O-])[O-].[Na+].[Na+]
329,O=S(=O)([O-])[O-].[K+].[K+]
330,CCCCCCCCCCO
331,O=CN1CCOCC1
332,CCCCCCCCC
333,OCCCCCO
334,OCCCCO
335,O=S(=O)(F)[N-]S(=O)(=O)F.[Li+]
336,CCn1cc[n+](C)c1.O=S(=O)(F)[N-]S(=O)(=O)F
337,CC(=O)[O-].CCCC[NH3+]
338,CCCC[NH3+].O=[N+]([O-])[O-]
339,C[n+]1cc([O-])on1
340,CC(C)(C)C(=O)O
341,CCCN(CCC)CCC
342,CCCCN(CCCC)CCCC
343,CCCCCN
344,CCCCNCCCC
345,CN(C)C(=O)N(C)C
346,[Br-].[K+]
347,C[n+]1ccn(CCO)c1.O=S(=O)([O-])C(F)(F)C(F)(F)C(F)(F)C(F)(F)F
348,C[n+]1ccn(CCO)c1.O=C([O-])C(F)(F)C(F)(F)C(F)(F)C(F)(F)F
349,CCn1cc[n+](C)c1.O=C([O-])C(F)(F)C(F)(F)C(F)(F)C(F)(F)F
350,OC(O)C(Cl)(Cl)Cl
351,OC[C@H]1O[C@@](CO)(O[C@H]2O[C@H](CO)[C@@H](O)[C@H](O)[C@H]2O)[C@@H](O)[C@@H]1O
352,CCCOC(C)=O
353,CCCC(=O)OCC
354,CCC(C)(C)O
355,CC(Cl)(Cl)Cl
356,N[C@@H](Cc1ccccc1)C(=O)O
357,O=C[C@H](O)[C@@H](O)[C@@H](O)CO
358,COC(=O)c1ccccc1
359,CC(C)[N+](=O)[O-]
360,C[N+](C)(C)C.NCC(=O)[O-]
361,CCCCOCCCC
362,CCCCCCCCCCC
363,O=P(O)(O)OP(=O)(O)O
364,[Li+].[O-][Cl+3]([O-])([O-])[O-]
365,O=C([O-])c1ccccc1O.[Na+]
366,CCCCCCCCCl
367,CCCCCCCCCCCCCCCCCCCl
368,CCOCCO
369,CCCOC(=O)c1ccccc1
370,CCCCOC(=O)c1ccccc1
371,CC(C)C=O
372,CCCCCCCCCCCCCCCCCCC
373,CCCCCCCCCCCCCCCCCCCc1ccccc1
374,N#C[S-].[K+]
375,O.O.O.O.O.O=S(=O)([O-])[S-].[Na+].[Na+]
376,N#C[S-].[Na+]
377,O=C(O)/C=C\C(=O)O
378,O=S(=O)([O-])[O-].O=S(=O)([O-])[O-].O=S(=O)([O-])[O-].[Al+3].[Al+3]
379,CCN(CC)S(C)(=O)=O
380,OCCC1CCCCN1
381,C1=CCCCC1
382,COC(=O)CC(C)=O
383,CN1CCCN(C)C1=O
384,OCCCl
385,COCCO
386,C1COCO1
387,CCCCCC[N+]1(C)CCCC1.O=S(=O)([N-]S(=O)(=O)C(F)(F)F)C(F)(F)F
388,O=[N+]([O-])[O-].O=[N+]([O-])[O-].[Sr+2]
389,COCCOCCO
390,CCOCCOCCO
391,CCCCOCCOCCO
392,COCCOCCOCCO
393,Cc1ncc(C[n+]2csc(CCO)c2C)c(N)n1.Cl.[Cl-]
394,Cc1ncc(CO)c(CO)c1O.Cl
395,CC(C)CCC[C@@H](C)[C@H]1CC[C@H]2[C@@H]3CC=C4C[C@@H](O)CC[C@]4(C)[C@H]3CC[C@]12C
396,CCCCCCCCCCCl
397,N[C@@H](Cc1c[nH]cn1)C(=O)O
398,C[C@H]1COc2c(N3CCN(C)CC3)c(F)cc3c(=O)c(C(=O)O)cn1c23
399,CCCCCCCCCCCCCCCCCC(=O)OC
400,NN
401,CNN
402,CN(C)N
403,COC(C)(C)C
404,CC(C)[C@H](N)C(=O)O
405,CC1CCCCC1=O
406,CCC(=O)CC
407,CCCCC(C)=O
408,CCC1CCCCC1
409,CC(=O)CC(C)(C)O
410,COCC(C)O
411,CCOC(=O)CC
412,CCOC(=O)C(C)Br
413,CCOC(=O)CCBr
414,CCOC(=O)C(Br)CC
415,CCOC(=O)CCCBr
416,CCCCCCN
417,CCCCCCCCN
418,CCCCCCCCCCN
419,CCCCCCCCCCCCN
420,CCCN
421,CCCCCCCCCc1ccccc1
422,CC(=O)OC(C)C
423,ClC(Cl)C(Cl)(Cl)Cl
424,CN(C)P(=O)(N(C)C)N(C)C
425,CCCCOCCO
426,CC(=O)CC(C)=O
427,OCC(F)(F)F
428,CCCCCCCC/C=C\CCCCCCCC(=O)OCC(COC(=O)CCCCCCC/C=C\CCCCCCCC)OC(=O)CCCCCCC/C=C\CCCCCCCC
429,CCCCC/C=C\C/C=C\CCCCCCCC(=O)OCC(COC(=O)CCCCCCC/C=C\C/C=C\CCCCC)OC(=O)CCCCCCC/C=C\C/C=C\CCCCC
430,Cc1ccncc1
431,CC(=O)OCC(COC(C)=O)OC(C)=O
432,CCCC(=O)OCC(COC(=O)CCC)OC(=O)CCC
433,CCCCCCCC(=O)OCC(COC(=O)CCCCCCC)OC(=O)CCCCCCC
434,CC(O)C(C)(C)C
435,CC(C)CC(C)O
436,CCC(CC)CO
437,CCCC(C)CO
438,CCCC(O)CC
439,CCC(C)(O)CC
440,CN(CCO)CCO
441,OCCNCCO
442,CCOC(=O)CCC(=O)OCC
443,NCCO
444,FC(F)C(F)(F)F
445,FCF
446,FCC(F)(F)F
447,CC(F)(F)F
448,[Br-].[Na+]
449,Cc1ccc(C(C)C)c(O)c1
450,CC12CCC(CC1)C(C)(C)O2
451,CC1CCCO1
452,ClC(Cl)(Cl)c1ccccc1
453,FC(F)(F)c1ccccc1
454,CCCOCCC
455,ClCCCCCl
456,N#CCCCCC#N
457,CC(C)(C)N
458,CCCC(C)C
459,CCC(C)CC
460,CCC(C)(C)C
461,CC(C)C(C)C
462,NCc1ccccc1
463,CC(C)CCCC(C)CCCC(C)CCCCC(C)CCCC(C)CCCC(C)C
464,CCCC
465,ClCCCCl
466,COC(C)OC
467,OCC(F)(F)C(F)F
468,OCC(F)(F)C(F)(F)F
469,CC(C)(N)CO
470,CCCn1cc[n+](C)c1.F[P-](F)(F)(F)(F)F
471,CCCc1ccc[n+](C)c1.F[P-](F)(F)(F)(F)F
472,NCCN1CCNCC1
473,CC(C)CCCC(C)CCCC(C)CCCC(C)C
474,COC(=O)OC
475,CCOC(=O)OCC
476,CCC(C)(C)OC
477,CCOCCOCC
478,O=c1cc[nH]c(=O)[nH]1
479,O[C@H]1[C@H](O)[C@@H](O)[C@H](O)[C@@H](O)[C@H]1O
480,CCCCOP(=O)(OCCCC)OCCCC
481,CN
482,CNC
483,CN(C)C
484,O=C(O)[C@@H](O)[C@@H](O)C(=O)O
485,Cc1ccc([S@@](=O)O[C@@H]2C[C@H](C)CC[C@H]2C(C)C)cc1
486,Cc1ccc(S(=O)O[C@@H]2C[C@H](C)CC[C@H]2C(C)C)cc1
487,O=C(O)[C@H](O)[C@@H](O)C(=O)O
488,CC(=O)OC(C)C(C)C
489,C#CCO
490,Clc1cccc2ccccc12
491,CCC(C)CO
492,CC(C)C(C)O
493,ClC1CCCCC1
494,BrC1CCCCC1
495,CCC(O)CO
496,CC(O)C(C)O
497,CCC(=O)OC
498,CCCCCCCCCCCO
499,CCCOC(=O)CC
500,CCCCCCCCCCCCC
501,CC(O)CCO
502,Cc1cccc([N+](=O)[O-])c1
503,CCCCCCCl
504,CCCCCCBr
505,CCCc1ccccc1
506,CCCCCCCCCCCC(=O)OCC
507,COC(=O)c1ccccc1O
508,O=C(OCc1ccccc1)c1ccccc1O
509,C1CCOCC1
510,CC1CCC(C)O1
511,CCCCCCCCCCCCO
512,CC(CCO)CC(C)(C)C
513,CCOCCOCCOCC
514,CCCCOCCOCCOCCCC
515,CC(N)CN
516,C#CC(C)(C)O
517,C=CC(C)O
518,COC=O
519,CCCOCCO
520,CC(C)OCCO
521,C=COC(C)=O
522,CCOC(=O)CCl
523,CCOC(=O)C(=O)OCC
524,CCCCOC(=O)c1ccccc1C(=O)OCCCC
525,CCCNCCC
526,OCCN(CCO)CCO
527,CCOC(=O)CC(C)=O
528,CCCCCCCCOC(=O)c1ccccc1C(=O)OCCCCCCCC
529,CCCCCCCCCCCCCCCCCC
530,CC(C)CC(C)C
531,CCCC[N+](CCCC)(CCCC)CCCC.[I-]
532,CCCC[N+](CCCC)(CCCC)CCCC.O=[N+]([O-])[O-]
533,CCCCC(CC)COP(=O)(O)OCC(CC)CCCC
534,CCC(C)N
535,NC(CO)(CO)CO
536,NCCCN
537,CC(=O)OCCC(C)C
538,C1CC[C@H]2CCCC[C@H]2C1
539,C1CC[C@H]2CCCC[C@@H]2C1
540,CCCC[n+]1ccn(C)c1.O=[N+]([O-])[O-]
541,CCCC(=O)[O-].[Na+]
542,N#CCCO
543,CC(=O)[O-].CC[n+]1ccn(C)c1
544,CCCC[N+](C)(CCCC)CCCC.N#C[N-]C#N
545,CCC(N)(CO)CO
546,CCC(C)C(C)C
547,[Cl-].[NH4+]
548,[Cl-].[Cl-].[Cu+2]
549,O=S(=O)([O-])[O-].[Co+2]
550,O=S(=O)([O-])[O-].[Cu+2]
551,O=S(=O)([O-])[O-].[Mg+2]
552,CNCCO
553,C=C(C)[C@@H]1CC=C(C)CC1
554,C=CC(C)(O)CCC=C(C)C
555,CC1=CCC2CC1C2(C)C
556,C=C1CCC2CC1C2(C)C
557,CCCOC(=O)CCC
558,NCCOCCO
559,CCCCC(CC)COC(C)=O
560,CC(C)CCl
561,CCCCC(=O)OCC
562,CCCC[n+]1ccc(C)cc1.F[B-](F)(F)F
563,CCCOCC(C)O
564,CCCCOCC(C)O
565,COCC(C)OCC(C)O
566,CCCOCC(C)OCC(C)O
567,CCCCOCCCOCCCO
568,F[B-](F)(F)F.[NH3+]CCO
569,C[NH+](CCO)CCO.F[B-](F)(F)F
570,C[NH+](CCO)CCO.[Cl-]
571,C[NH+](CCO)CCO.C[NH+](CCO)CCO.C[NH+](CCO)CCO.O=P([O-])([O-])[O-]
572,CN(CCO)CCO.CN(CCO)CCO.O=S(=O)(O)O
573,CC(O)CNCC(C)O
574,CCCCCCn1cc[n+](C)c1.O=S(=O)([N-]S(=O)(=O)C(F)(F)F)C(F)(F)F
575,CCCCCCCCn1cc[n+](C)c1.O=S(=O)([N-]S(=O)(=O)C(F)(F)F)C(F)(F)F
576,CCCCCCCCCCn1cc[n+](C)c1.O=S(=O)([N-]S(=O)(=O)C(F)(F)F)C(F)(F)F
577,CCCCCCn1cc[n+](C)c1.O=S(=O)([N-]S(=O)(=O)C(F)(F)C(F)(F)F)C(F)(F)C(F)(F)F
578,CCCCCCCCn1cc[n+](C)c1.O=S(=O)([N-]S(=O)(=O)C(F)(F)C(F)(F)F)C(F)(F)C(F)(F)F
579,CCCCCCCCCCn1cc[n+](C)c1.O=S(=O)([N-]S(=O)(=O)C(F)(F)C(F)(F)F)C(F)(F)C(F)(F)F
580,C=CN1CCCC1=O
581,CCOCCC(=O)OCC
582,C=C(C)C(=O)OCCO
583,CN1CCNCC1
584,CC/C=C\CCOC=O
585,CCC/C=C/COC(C)=O
586,CC/C=C\CCOC(C)=O
587,CCCCCC(=O)OCC
588,CCOC(=O)C(C)CC
589,OC[C@@H](O)[C@@H](O)[C@H](O)[C@H](O)CO
590,OC[C@@H](O)[C@@H](O)[C@H](O)[C@@H](O)CO
591,CCNCCO
592,CN(C)CCO
593,CCCCCC=O
594,CCCCCCCC=O
595,CCCCCCCCC=O
596,CCCCCCCCCC=O
597,FC(F)(F)C1(F)C(F)(F)C(F)(F)C(F)(F)C(F)(F)C1(F)F
598,OCCc1ccccc1
599,OCCCc1ccccc1
600,CC1OC(C)OC(C)O1
601,O=C(O)c1cccnc1
602,CCCCCC(=O)[O-].[Na+]
603,CC(C)OC(C)C
604,CC(=O)N1CCOCC1
605,[Ca+2].[Cl-].[Cl-]
606,O=[N+]([O-])[O-].O=[N+]([O-])[O-].[Ni+2]
607,[Cl-].[Li+]
608,CC(C)CN
609,CCCCc1ccccc1
610,CCCCCCCC[n+]1ccn(C)c1.F[B-](F)(F)F
611,COCOCOC
612,COCOCOCOC
613,CN(C)CCCN
614,[2H]C([2H])([2H])[N+](=O)[O-]
615,[2H]OCCCCC
616,COCOCOCOCOC
617,OCCCOCCCO
618,CC(O)COC(C)COC(C)CO
619,C[NH+](C)CCO.O=C([O-])CCCC(=O)O
620,CC[N+](CC)(CC)CC.[OH-]
621,CCC[N+](CCC)(CCC)CCC.[OH-]
622,CCCC[N+](CCCC)(CCCC)CCCC.[OH-]
623,CC(C)CC(=O)CC(C)C
624,C=C(C)C(=O)OCc1ccccc1
625,C=C(C)C(=O)O
626,CC[N+](CC)(CC)CC.O=C([O-])CCCC(=O)O
627,O=[N+]([O-])[O-].O=[N+]([O-])[O-].[Zn+2]
628,NCC(=O)NCC(=O)NCC(=O)O
629,O=C(O)C(O)C(O)C(=O)O
630,OC[C@@H](O)[C@@H](O[C@H]1O[C@H](CO)[C@@H](O)[C@H](O)[C@H]1O)[C@H](O)[C@@H](O)CO
631,NCC(=O)NCC(=O)O
632,CC(=O)[O-].CN1CCC[NH+]2CCCN=C12
633,C
634,NCC(=O)O
635,C[C@H](N)C(=O)O
636,CCCC(C)(C)O
637,CCOC(=O)CC(=O)OCC
638,CCOC(=O)C(Br)C(=O)OCC
639,CC[NH3+].O=[N+]([O-])[O-]
640,Clc1ccccc1Cl
641,CCC(C)Cl
642,CC(C)(C)Cl
643,CCn1cc[n+](C)c1.COP(=O)([O-])OC
644,CCCCn1cc[n+](C)c1.COP(=O)([O-])OC
645,CCCCn1cc[n+](C)c1.[Cl-]
646,CCCCCCn1cc[n+](C)c1.[Cl-]
647,CCCCCCCCn1cc[n+](C)c1.[Cl-]
648,CCCCCCn1cc[n+](C)c1.F[P-](F)(F)(F)(F)F
649,CCCCCCCCn1cc[n+](C)c1.F[P-](F)(F)(F)(F)F
650,COCC(C)OC(C)=O
651,CC1CCCC1
652,O=C1CCCN1C1CCCCC1
653,NC1CCCCC1
654,CC(=O)c1ccc(Cl)cc1
655,O=C([O-])C(F)(F)F.[Cs+]
656,CCCC[n+]1ccn(C)c1.N#C[S-]
657,O=C(O)C1CCCCC1
658,CC(=O)OC1CCCCC1
659,CC(=O)OCCC1CCCCC1
660,CCCCCCCCCCCCc1ccccc1S(=O)(=O)[O-].[Na+]
661,C1CCCCCCC1
662,NO.O=S(=O)(O)O
663,O=S(=O)([O-])[O-].[NH4+].[NH4+]
664,CCOC(=O)C(C)O
665,CC=CC(=O)O
666,CCCC[n+]1ccn(C)c1.[O-][Cl+3]([O-])([O-])[O-]
667,CCCn1cc[n+](C)c1C.F[B-](F)(F)F
668,CCOS(=O)(=O)[O-].CC[n+]1ccccc1
669,CC(O)C(=O)[O-].C[N+](C)(C)CCO
670,C[N+](C)(C)CCO.O=C([O-])CO
671,CCOC(C)(C)C
672,CCOCCOCCOCCO
673,CC(C)N
674,CCCCCCn1cc[n+](C)c1.F[B-](F)(F)F
675,CCCCn1cc[n+](C)c1.COS(=O)(=O)[O-]
676,[Cl-].[Cl-].[Cl-].[La+3]
677,CS(=O)(=O)[O-].C[NH+]1CCCC1=O
678,C[NH+]1CCCC1=O.O=S(=O)([O-])c1ccccc1
679,C[NH+]1CCCC1=O.Cc1ccc(S(=O)(=O)[O-])cc1
680,COc1cc(-c2cc(-c3ccccc3O)[nH]c(=O)c2C#N)ccc1O
681,COc1cc(-c2cc(-c3ccc(O)cc3)[nH]c(=O)c2C#N)ccc1O
682,COc1cc(-c2cc(-c3ccc(Cl)cc3)[nH]c(=O)c2C#N)ccc1O
683,COc1cc(-c2cc(-c3ccccc3)[nH]c(=O)c2C#N)ccc1O
684,CCN(CC)CCO
685,O=C(Oc1ccccc1)c1ccccc1O
686,NC(=O)c1ccccc1O
687,C[NH2+]CCC=C1c2ccccc2CCc2ccccc21.[Cl-]
688,CC(CN(C)C)CN1c2ccccc2CCc2ccccc21.O=C(O)/C=C\C(=O)O
689,CN(C)CCCO
690,CC(O)CN(C)C
691,CCCCCCCCOS(=O)(=O)[O-].CC[n+]1ccn(C)c1
692,C1CCNC1
693,OCCC(O)CO
694,OCC(O)C(O)CO
695,O=CC=Cc1ccccc1
696,COc1ccc(C=O)cc1
697,CC(C)Cc1ccccc1
698,CCCC[n+]1ccccc1.F[B-](F)(F)F
699,CCCCCCCC[n+]1ccccc1.F[B-](F)(F)F
700,c1ncncn1
701,O=C(O)CCCCC(=O)O
702,OCCN1CCOCC1
703,COS(=O)(=O)[O-].C[N+](CCO)(CCO)CCO
704,[Cl-].[Rb+]
705,[Cl-].[Cs+]
706,[I-].[Na+]
707,[I-].[K+]
708,[I-].[Rb+]
709,[Cs+].[I-]
710,CC1=CC(=O)c2ccccc2C1=O
711,CC[n+]1ccn(C)c1.O=C([O-])C(F)(F)F
712,CN1CCOCC1
713,C[C@H](CCC(=O)[O-])[C@H]1CC[C@H]2[C@@H]3[C@H](O)C[C@@H]4C[C@H](O)CC[C@]4(C)[C@H]3C[C@H](O)[C@]12C.[Na+]
714,C1CNCCN1
715,O=C(c1ccccc1)N(O)c1ccccc1
716,O=C1CCCCO1
717,O=C1CCCCCO1
718,CCCBr
719,CCCCCBr
720,CCCC(=O)OCCC(C)C
721,CCOC(=O)Cc1ccccc1
722,CCCCCCCC(=O)OCC
723,CCOC(=O)CC(C)C
724,CCC(=O)OCc1ccccc1
725,CNC(N)=O
726,O=C(CO)[C@@H](O)[C@H](O)[C@H](O)CO
727,O=C[C@H](O)[C@@H](O)[C@@H](O)[C@H](O)CO
728,C1N2CN3CN1CN(C2)C3
729,O=[Cr](=O)([O-])O[Cr](=O)(=O)[O-].[Na+].[Na+]
730,O=[Cr](=O)([O-])[O-].[Na+].[Na+]
731,Clc1cccc(Cl)c1
732,Clc1ccc(Cl)c(Cl)c1
733,Cc1ccccc1Cl
734,Cc1cccc(Cl)c1
735,Cc1ccc(Cl)cc1
736,CCCCC(CC)COP(=O)(OCC(CC)CCCC)OCC(CC)CCCC
737,C=C(C)C(=O)OC
738,CCC(=O)c1ccccc1
739,CC(=O)c1ccc(C)cc1
740,CC(=O)[O-].CC(=O)[O-].[Mg+2]
741,O=[N+]([O-])[O-].O=[N+]([O-])[O-].[Mg+2]
742,COS(=O)(=O)[O-].Cn1cc[n+](C)c1
743,CCOS(=O)(=O)[O-].CC[n+]1cccc(C)c1
744,O=C([O-])[C@H](O)[C@@H](O)C(=O)[O-].[Na+].[Na+]
745,CCCCn1cc[n+](C)c1C.[N-]=[N+]=[N-]
746,O=C[C@H](O)[C@@H](O)[C@H](O)CO
747,O=C[C@H](O)[C@H](O)[C@H](O)CO
748,Oc1cccc(O)c1
749,CCCCC1CCCCC1
750,C=CCN(CC=C)C(=O)C(Cl)Cl
751,Cc1c(C)c2c(c(C)c1O)CCC(C)(CCCC(C)CCCC(C)CCCC(C)C)O2
752,CCCCCc1ccc(C2CCC(CCC)CC2)cc1
753,CC(=O)Oc1ccccc1C(=O)O
754,C=CCCCCCC
755,CCC[n+]1ccccc1.F[B-](F)(F)F
756,NCCCCCCN
757,[Cd+2].[Cl-].[Cl-]
758,CC(N)C(=O)O
759,CCC(N)C(=O)O
760,CC(=O)OCC(C)C
761,CC[N+](CC)(CC)Cc1ccccc1.[Cl-]
762,C[N+](C)(C)Cc1ccccc1.[Cl-]
763,COC(=O)CCCCl
764,O=C(O)C1CC1
765,NCC(=O)N[C@@H](CCC(N)=O)C(=O)O
766,C[C@H](N)C(=O)N[C@@H](CCC(N)=O)C(=O)O
767,CC(C)NC(C)C
768,CC(C)Br
769,CCCCOCCOCCOCCO
770,CC(CC(C)(C)C)CP(=O)(O)CC(C)CC(C)(C)C
771,CC1(C)SC2C(NC(=O)C(N)c3ccccc3)C(=O)N2C1C(=O)O
772,OC[C@H]1O[C@H](O[C@H]2O[C@H](CO)[C@@H](O)[C@H](O)[C@H]2O)[C@H](O)[C@@H](O)[C@@H]1O
773,Nc1ccccc1Cl
774,[F-].[K+]
775,CCCCCCCCn1cc[n+](C)c1.O=[N+]([O-])[O-]
776,CCCCCCCC(=O)[O-].c1c[nH+]c[nH]1
777,Nc1ccc(S(N)(=O)=O)cc1
778,Nc1ccc(S(=O)(=O)O)cc1
779,O.O.O=C(O)c1cc(S(=O)(=O)O)ccc1O
780,CCCCCCCCCCCCCC[P+](CCCCCC)(CCCCCC)CCCCCC.O=S(=O)([N-]S(=O)(=O)C(F)(F)F)C(F)(F)F
781,CCCCCCCCCCCCCC[P+](CCCCCC)(CCCCCC)CCCCCC.[Br-]
782,CCCCCCCCCCCCCC[P+](CCCCCC)(CCCCCC)CCCCCC.[Cl-]
783,CCCCCCCCCC(=O)[O-].CCCCCCCCCCCCCC[P+](CCCCCC)(CCCCCC)CCCCCC
784,CCCCCCCCCCCCCC[P+](CCCCCC)(CCCCCC)CCCCCC.CS(=O)(=O)[O-]
785,CCCCCCCCCCCCCC[P+](CCCCCC)(CCCCCC)CCCCCC.N#C[N-]C#N
786,CC(CC(C)(C)C)CP(=O)([O-])CC(C)CC(C)(C)C.CCCCCCCCCCCCCC[P+](CCCCCC)(CCCCCC)CCCCCC
787,CCN1CCCC1=O
788,CNC(=O)NC
789,CCCCn1cc[n+](C)c1.N#CN=C=[N-]
790,CCCC[n+]1ccn(C)c1.N#C[C-](C#N)C#N
791,CCN(CCO)CCO
792,CCCCN(CCO)CCO
793,C=C(C)[C@H]1CC=C(C)CC1
794,CCCOC=O
795,C[C@H](O)CN
796,CC(=O)OC(C)(C)C
797,CCCCCCCCCCCCOS(=O)(=O)[O-].[Na+]
798,CCCCCCCN
799,CCCCCCl
800,CCCCCCCCl
801,O=C([O-])CC(O)(CC(=O)O)C(=O)O.[K+]
802,O=C([O-])CC(O)(CC(=O)[O-])C(=O)[O-].[K+].[K+].[K+]
803,Cn1cc[n+](CCCC#N)c1.O=S(=O)(F)[N-]S(=O)(=O)F
804,Cn1cc[n+](CCCC#N)c1.O=S(=O)([O-])C(F)(F)F
805,O=C([O-])[C@@H]1CCCN1.[Na+]
806,CCC[n+]1ccn(C)c1.F[B-](F)(F)F
807,CCCn1cc[n+](C)c1.COS(=O)(=O)[O-]
808,Cl.NNC(N)=O
809,CCOC(=O)CC#N
810,CCOC(=O)[C@@H](O)[C@H](O)C(=O)OCC
811,CCC(=O)O.OCCNCCO
812,F[B-](F)(F)F.[Na+]
813,O=[N+]([O-])[O-].O=[N+]([O-])[O-].O=[N+]([O-])[O-].[Y+3]
814,O=[N+]([O-])[O-].O=[N+]([O-])[O-].O=[N+]([O-])[O-].[Ce+3]
815,O=[N+]([O-])[O-].O=[N+]([O-])[O-].O=[N+]([O-])[O-].[Nd+3]
816,CC(=O)[O-].C[NH+]1C=CN=C1
817,CC(C)CCCCCCCOC(=O)c1ccccc1C(=O)OCCCCCCCC(C)C
818,CCCCCCCCCCCC[N+](C)(C)CC.[Br-]
819,CC[n+]1ccn(C)c1.COS(=O)(=O)[O-]
820,Fc1ccccc1
821,CCC(=O)[O-].C[N+](C)(C)CCO
822,C[C@H](O)C(=O)[O-].C[N+](C)(C)CCO
823,C[N+](C)(C)CCO.O=C([O-])CC(=O)O
824,CCCCCC(=O)[O-].C[N+](C)(C)CCO
825,OCCOc1ccccc1
826,CCCC[n+]1ccc(C)cc1.O=S(=O)([N-]S(=O)(=O)C(F)(F)F)C(F)(F)F
827,[Ba+2].[Cl-].[Cl-]
828,CC(CC(C)(C)C)CC(C)(C)C
829,CC(C)[C@@H]1CC[C@@H](C)C[C@H]1O
830,CCC(=O)[O-].CC[NH+]1CCNCC1
831,CCCCCCn1cc[n+](C)c1.[Br-]
832,C(=NCCN=Cc1ccccn1)c1ccccn1
833,Oc1ccccc1C=Nc1ccccc1N=Cc1ccccc1O
834,CCCCCCCCCCCCCCCC[N+](C)(C)CC.[Br-]
835,CCCCCCCC[n+]1ccn(C)c1.[Br-]
836,CCCCCCCCCC[n+]1ccn(C)c1.[Br-]
837,CCCC[n+]1ccc(C)cc1.N#C[S-]
838,CCCC[N+]1(C)CCCC1.N#C[S-]
839,CCCC[N+]1(C)CCCCC1.N#C[S-]
840,CC(=O)[O-].[Na+]
841,CC(=O)[O-].[K+]
842,CC(=O)[O-].CC(=O)[O-].[Ca+2]
843,CC(=O)[O-].C[N+]1(CC2CO2)CCCC1=O
844,CC(=O)[O-].CC[NH2+]CC
845,OC[C@@H](O)[C@@H](O)CO
846,O=C1O[C@H]([C@@H](O)CO)C(O)=C1O
847,OC[C@@H](O)[C@H](O)[C@@H](O)CO
848,N=C(N)NCCC[C@H](N)C(=O)O
849,CCCCCC(C)C
850,CCCCCCCCCCCCn1cc[n+](C)c1.O=S(=O)([N-]S(=O)(=O)C(F)(F)F)C(F)(F)F
851,Cl.N[C@@H](CS)C(=O)O.O
852,CC(=O)[O-].C[NH+](C)C
853,C[NH+](C)C.O=P([O-])(O)O
854,C[NH+](C)C.O=S(=O)([O-])O
855,CC[NH+](CC)CC.O=P([O-])(O)O
856,CC(=O)[O-].CC[NH+](CC)CC
857,CC[NH2+]CC.O=S(=O)([O-])O
858,CC[NH+](CC)CC.O=S(=O)([O-])O
859,C[N+](C)(C)CCCl.[Cl-]
860,CC1(C)S[C@@H]2[C@H](NC(=O)[C@H](N)c3ccc(O)cc3)C(=O)N2[C@H]1C(=O)O
861,CCCCCCCCOS(=O)(=O)[O-].CCCC[n+]1ccn(C)c1
862,N[C@@H](CO)C(=O)[O-].[K+]
863,O=P([O-])([O-])[O-].[H+].[K+].[K+]
864,CCCC[n+]1ccccc1.O=S(=O)([N-]S(=O)(=O)C(F)(F)F)C(F)(F)F
865,CC(=O)[C@@]12O[C@@H]1C[C@H]1[C@@H]3CCC4=CC(=O)CC[C@]4(C)[C@H]3[C@H](O)C[C@@]12C
866,CCCCOCC
867,CC(O)CN(CC(C)O)CC(C)O
868,O.OC[C@H]1O[C@H](O[C@H]2[C@H](O)[C@@H](O)[C@H](O)O[C@@H]2CO)[C@H](O)[C@@H](O)[C@@H]1O
869,CCCn1cc[n+](C)c1.[Br-]
870,CCCCC[n+]1ccn(C)c1.[Br-]
871,CC(=O)[O-].CCCC[N+](CC)(CC)CC
872,COP(C)(=O)OC
873,CO[PH](=O)OC
874,CCOC(F)(F)C(F)(F)C(F)(F)C(F)(F)F
875,CO/N=C(\C(=O)N[C@@H]1C(=O)N2C(C(=O)[O-])=C(CSc3nc(C)c(CC(=O)[O-])s3)CS[C@H]12)c1csc(N)n1.[Na+].[Na+]
876,CO/N=C(\C(=O)N[C@@H]1C(=O)N2C(C(=O)O)=C(C[N+]3(C)CCCC3)CS[C@H]12)c1csc(N)n1.Cl.[Cl-]
877,[Al+3].[Cl-].[Cl-].[Cl-]
878,C[NH+]1C=CN=C1.[Cl-]
879,CCCC[n+]1ccn(C)c1.Cl[Al-](Cl)(Cl)Cl
880,C[n+]1ccn(CCc2ccccc2)c1.Cl[Al-](Cl)(Cl)Cl
881,CCCC[n+]1ccccc1.Cl[Al-](Cl)(Cl)Cl
882,CCCC[n+]1ccc(C)cc1.Cl[Al-](Cl)(Cl)Cl
883,CCCC[n+]1ccn(C)c1.C[C@H](N)C(=O)[O-]
884,O=BOB([O-])OB([O-])OB=O.[Na+].[Na+]
885,C=CCCCC
886,CCCCCCC(=O)[O-].CC[NH+](C(C)C)C(C)C
887,CCCCCCCC(=O)[O-].CC[NH+](C(C)C)C(C)C
888,CCCCCCCCCC(=O)OCC
889,CC[P+](c1ccccc1)(c1ccccc1)c1ccccc1.[I-]
890,NC(=O)c1ccccc1
891,O=C(Nc1ccccc1)c1ccccc1
892,NC(N)=S
893,CC(=O)N(C)c1ccccc1
894,O=C(Nc1ccccc1)Nc1ccccc1
895,CCC(N)=O
896,Oc1nc(O)nc(O)n1
897,O=CNc1ccccc1
898,O=C1c2ccccc2C(=O)N1c1ccccc1
899,O=C1NC(=O)c2ccccc21
900,CCCC(N)=O
901,S=C(Nc1ccccc1)Nc1ccccc1
902,OCCCCCCO
903,CCS
904,CC(O)c1ccccc1
905,CCCCC(CC)CO
906,CCCCCCCC[N+](C)(CCCCCCCC)CCCCCCCC.[Cl-]
907,CCCCCCCCCCCCCCCC[n+]1ccccc1.[Cl-]
908,O=C1O[C@H]([C@@H](O)CO)C([O-])=C1O.[Na+]
909,FB(F)F
910,ClCCOCCCl
911,CCCC1c2cc(c(O)c(/N=N/c3cccc(C(=O)O)c3)c2O)C(CCC)c2cc(c(O)c(/N=N/c3cccc(C(=O)O)c3)c2O)C(CCC)c2cc(c(O)c(/N=N/c3cccc(C(=O)O)c3)c2O)C(CCC)c2cc1c(O)c(/N=N/c1cccc(C(=O)O)c1)c2O
912,CCCC[P+](CCCC)(CCCC)CCCC.F[B-](F)(F)F
913,CC(C)Cc1ccc(C(C)C(=O)[O-])cc1.[Na+]
914,CCCCOC(=O)C(C)O
915,Nc1ncnc2[nH]cnc12
916,CC(O)CN1CC[NH+](CC(C)O)CC1.CC(O)CN1CC[NH+](CC(C)O)CC1.O=S(=O)([O-])[O-]
917,CC(=O)N1N=C(CSc2nc3ccccc3c(=O)n2-c2ccccc2C)OC1(C)c1ccc(C)cc1
918,C=C(C)C(=O)OCC
919,C=C(C)C(=O)OCCCC
920,O=C(O)c1cc(O)c(O)c(O)c1
921,COc1ccc(C2(C)OC(CSc3nc4ccccc4c(=O)n3-c3ccccc3C)=NN2C(C)=O)cc1
922,CCCC[P+](CCCC)(CCCC)CCCN.C[C@H](N)C(=O)[O-]
923,CC(C)[C@H](N)C(=O)[O-].CCCC[P+](CCCC)(CCCC)CCCN
924,CC(C)C[C@H](N)C(=O)[O-].CCCC[P+](CCCC)(CCCC)CCCN
925,COC(=O)[C@H](c1ccccc1Cl)[NH+]1CCc2sccc2C1.O=S(=O)([O-])O
926,CCCC[N+]1(C)CCCCC1.N#C[N-]C#N
927,CCCC[N+]1(C)CCCC1.N#C[N-]C#N
928,CC(O)C(=O)O
929,CN1CCOC1=O
930,CC[N+]1(C)CCCCC1.[Br-]
931,CCC[N+]1(C)CCCCC1.[Br-]
932,CCCC[N+]1(C)CCCCC1.[Br-]
933,CCN(CC)CCO.Cl
934,O=C[C@H](O)[C@@H](O)[C@H](O[C@@H]1O[C@H](CO)[C@H](O)[C@H](O)[C@H]1O)[C@H](O)CO
935,CCCCC(=O)O
936,COC(=O)CCCCC(=O)OC
937,CC1CCC(C)C(C)C1
938,CCCCCCC(=O)O
939,CCCCCCCC(=O)O
940,[Na+].[O-][Cl+3]([O-])([O-])[O-]
941,[K+].[O-][Cl+3]([O-])([O-])[O-]
942,O=C[C@@H](O)[C@H](O)[C@H](O)CO
943,[Br-].[NH4+]
944,OC[C@@H](O)C(O)[C@H](O)CO
945,O=C(CO)[C@@H](O)[C@H](O)[C@@H](O)CO
946,OC[C@@H](O)[C@H](O)[C@H](O)[C@@H](O)CO
947,O=C[C@@H](O)[C@@H](O)[C@H](O)[C@H](O)CO
948,c1cc2c3c(cccc3c1)CC2
949,CSCC[C@H](N)C(=O)O
950,Cc1ccnc(C)c1
951,O=C(O)CO
952,N=C(N)[NH3+].O=S(=O)([O-])C(F)(F)F
953,N#C[S-].[NH4+]
954,CCC(C)c1ccccc1
955,CC[n+]1ccccc1.[Br-]
956,OCC[n+]1ccccc1.[Br-]
957,CC[N+]1(C)CCOCC1.[Br-]
958,C[N+]1(CCO)CCOCC1.[Br-]
959,CC[N+](C)(C)CCO.[Br-]
960,CCCCC(CC)COC(=O)CC(C(=O)OCC(CC)CCCC)S(=O)(=O)[O-].C[NH+]1C=CN=C1
961,CCCCC(CC)COC(=O)CC(C(=O)OCC(CC)CCCC)S(=O)(=O)[O-].CCCCn1cc[n+](C)c1
962,CCCCCCCCCCCCCC[P+](CCCC)(CCCC)CCCC.CCCCCCCCCCCCc1ccc(S(=O)(=O)[O-])cc1
963,CCCCCCCC[N+](C)(CCCCCCCC)CCCCCCCC.O=S(=O)([N-]S(=O)(=O)C(F)(F)F)C(F)(F)F
964,CC(C)C[P+](C)(CC(C)C)CC(C)C.Cc1ccc(S(=O)(=O)[O-])cc1
965,Cn1cc[n+](CC(O)CNCCN(CCNCC(O)C[n+]2ccn(C)c2)CC(O)C[n+]2ccn(C)c2)c1.[Cl-].[Cl-].[Cl-]
966,CCCCCCCC[n+]1ccc2ccccc2c1.O=S(=O)([N-]S(=O)(=O)C(F)(F)F)C(F)(F)F
967,c1ccsc1
968,CC[NH+](C)CC.O=S(=O)([O-])C(F)(F)F
969,N[C@@H](CCC(=O)O)C(=O)O
970,CC12CC3CC(C1)CC(C)(C3)C2
971,CCCC[P+](CCCC)(CCCC)CCCC.[Br-]
972,CCCC[P+](CC)(CCCC)CCCC.[Br-]
973,CC(=O)NCC(=O)O
974,CCn1cc[n+](C)c1.N#C[C-](C#N)C#N
975,CC(C)CCOP(=O)(OCCC(C)C)OCCC(C)C
976,Cc1ccc(N)cc1N
977,Cc1c(N)cccc1N
978,C[C@H](CCC(=O)[O-])[C@H]1CC[C@H]2[C@@H]3CC[C@@H]4C[C@H](O)CC[C@]4(C)[C@H]3C[C@H](O)[C@]12C.[Na+]
979,FC(F)(F)C(F)(F)C(F)(F)C(F)(F)C(F)(F)C(F)(F)F
980,Cc1ccc(S(=O)(=O)[O-])cc1.O=C1CCC[NH+]1C1CCCCC1
981,O=C1CCC[NH+]1C1CCCCC1.O=S(=O)([O-])c1ccccc1
982,CCC(=O)[O-].C[NH2+]Cc1ccccc1
983,CC1CCCCC1O
984,CC1CCC(O)CC1
985,CC1CCCC(O)C1
986,CCC(=O)OCCN1CCNCC1
987,CC(=O)[O-].[NH4+]
988,CCS(=O)(=O)[O-].[NH4+]
989,O=C([O-])CC(O)(CC(=O)[O-])C(=O)[O-].[Li+].[Li+].[Li+]
990,C1COCCOCCOCCOCCO1
991,ClCc1ccccc1
992,CCn1cc[n+](C)c1.[Cl-]
993,CC[NH+]=C(N(C)C)N(C)C.O=S(=O)([N-]S(=O)(=O)C(F)(F)F)C(F)(F)F
994,CCOS(=O)(=O)[O-].CC[NH+]=C(N(C)C)N(C)C
995,CCCC(CCC)C(=O)[O-].[Na+]
996,O=C([O-])CC(O)(CC(=O)[O-])C(=O)[O-].[Na+].[Na+].[Na+]
997,CCC(N)C(=O)[O-].[K+]
998,CCC(N)C(=O)[O-].[Na+]
999,NCC(=O)[O-].[Na+]
1000,CCCCC(C)CC
1001,CCC(C)CC(C)C
1002,CCCCC(CC)C(=O)OCC(COC(=O)C(CC)CCCC)(COC(=O)C(CC)CCCC)COC(=O)C(CC)CCCC
1003,CCCCC(=O)OCC(COC(=O)CCCC)(COC(=O)CCCC)COC(=O)CCCC
1004,C=CCNCC=C.CC(=O)O
1005,c1c[nH]cn1
1006,CCCC[n+]1ccn(C)c1.N[C@@H](CCC(=O)O)C(=O)[O-]
1007,[Mg+2].[O-][Cl+3]([O-])([O-])[O-].[O-][Cl+3]([O-])([O-])[O-]
1008,CCC[N+]1(C)CCCC1.[Br-]
1009,CCCC[N+]1(C)CCCC1.[Br-]
1010,CCCCC[N+]1(C)CCCC1.[Br-]
1011,CC(C)C1CCCCC1
1012,CCCC[N+](C)(C)C.O=S(=O)([N-]S(=O)(=O)C(F)(F)F)C(F)(F)F
1013,O=P([O-])([O-])O.[Na+].[Na+]
1014,COc1ccc2cc([C@H](C)C(=O)O)ccc2c1
1015,CCC[n+]1ccn(C)c1.O=S(=O)([N-]S(=O)(=O)C(F)(F)F)C(F)(F)F
1016,CCOC(F)(F)C(F)(C(F)(F)F)C(F)(F)F
1017,C[n+]1ccn(CC(=O)O)c1.[Cl-]
1018,C[n+]1ccn(CCCCn2cc[n+](C)c2)c1.[Br-].[Br-]
1019,C[n+]1ccn(CCCCCn2cc[n+](C)c2)c1.[Br-].[Br-]
1020,C[n+]1ccn(CCCCCCn2cc[n+](C)c2)c1.[Br-].[Br-]
1021,C1CCC2=[NH+]CCCN2CC1.c1c[n-]cn1
1022,CCCC[N+]1=C2CCCCCN2CCC1.c1c[n-]cn1
1023,CCCC[P+](CCCC)(CCCC)CCCC.[Cl-]
1024,CCCC[n+]1ccn(C)c1.O=C([O-])c1ccccc1O
1025,CCCCCCCCCCCCCCCCCCCC
1026,CCCCCCCCCCCCCCCCCCCCCC
1027,CCCCCCCCCCCCCCCCCCCCCCCC
1028,CCCC[NH2+]CCO.O=C([O-])C(F)(F)F
1029,CCCC[NH2+]CCO.O=[N+]([O-])[O-]
1030,CCCC[n+]1ccn(C)c1.NCCS(=O)(=O)[O-]
1031,CC[n+]1ccccc1.O=S(=O)([N-]S(=O)(=O)C(F)(F)F)C(F)(F)F
1032,CC[n+]1ccccc1C.O=S(=O)([N-]S(=O)(=O)C(F)(F)F)C(F)(F)F
1033,CC[n+]1cccc(C)c1.O=S(=O)([N-]S(=O)(=O)C(F)(F)F)C(F)(F)F
1034,CC[n+]1ccc(C)cc1.O=S(=O)([N-]S(=O)(=O)C(F)(F)F)C(F)(F)F
1035,Cn1cc[n+](C)c1.O=S(=O)([N-]S(=O)(=O)C(F)(F)F)C(F)(F)F
1036,CCn1cc[n+](CC)c1.O=S(=O)([N-]S(=O)(=O)C(F)(F)F)C(F)(F)F
1037,CCCn1cc[n+](CCC)c1.O=S(=O)([N-]S(=O)(=O)C(F)(F)F)C(F)(F)F
1038,CCCCn1cc[n+](CCCC)c1.O=S(=O)([N-]S(=O)(=O)C(F)(F)F)C(F)(F)F
1039,CCCCCn1cc[n+](CCCCC)c1.O=S(=O)([N-]S(=O)(=O)C(F)(F)F)C(F)(F)F
1040,CCCCCCn1cc[n+](CCCCCC)c1.O=S(=O)([N-]S(=O)(=O)C(F)(F)F)C(F)(F)F
1041,CCCCCCCn1cc[n+](CCCCCCC)c1.O=S(=O)([N-]S(=O)(=O)C(F)(F)F)C(F)(F)F
1042,CCCCCCCCn1cc[n+](CCCCCCCC)c1.O=S(=O)([N-]S(=O)(=O)C(F)(F)F)C(F)(F)F
1043,CCCCCn1cc[n+](C)c1.O=S(=O)([N-]S(=O)(=O)C(F)(F)F)C(F)(F)F
1044,CCCCCCCn1cc[n+](C)c1.O=S(=O)([N-]S(=O)(=O)C(F)(F)F)C(F)(F)F
1045,CCCCCCCCC[n+]1ccn(C)c1.O=S(=O)([N-]S(=O)(=O)C(F)(F)F)C(F)(F)F
1046,CCCCCCCCCCCn1cc[n+](C)c1.O=S(=O)([N-]S(=O)(=O)C(F)(F)F)C(F)(F)F
1047,CCOS(=O)(=O)[O-].CC[N+](CC)=C(N(C)C)N(C)C
1048,O=P([O-])([O-])[O-].[K+].[K+].[K+]
1049,O=P([O-])(O)O.[K+]
1050,O=P([O-])([O-])[O-].[Na+].[Na+].[Na+]
1051,O=P([O-])(O)O.[Na+]
1052,O=P([O-])(O)O.[Li+]
1053,CCCCn1cc[n+](C)c1.[Br-]
1054,CN(C)CCN
1055,NC(=O)C[C@H](N)C(=O)O
1056,NC(=O)CC[C@H](N)C(=O)O
1057,CC[N+](CC)(CC)CC.[I-]
1058,C[n+]1ccn(CCO)c1.[Cl-]
1059,Cl.N=C(N)N
1060,Nc1cc[nH]c(=O)n1
1061,Cc1c[nH]c(=O)[nH]c1=O
1062,O=c1ccn([C@@H]2O[C@H](CO)C(O)C2O)c(=O)[nH]1
1063,Nc1ccn([C@@H]2O[C@H](CO)C(O)C2O)c(=O)n1
1064,Cc1cn([C@H]2CC(O)[C@@H](CO)O2)c(=O)[nH]c1=O
1065,Cn1ccnc1
1066,NC(CO)C(=O)[O-].[Na+]
1067,NC(CO)C(=O)[O-].[K+]
1068,CCOP(OCC)OCC
1069,C[NH+](CCO)CCO.O=C[O-]
1070,C1CCC(C2CCCCC2)CC1
1071,CC[n+]1ccn(C)c1.NCC(=O)[O-]
1072,CCn1cc[n+](C)c1.C[C@H](N)C(=O)[O-]
1073,CC[n+]1ccn(C)c1.NCCS(=O)(=O)[O-]
1074,CC[n+]1ccn(C)c1.N[C@@H](CO)C(=O)[O-]
1075,CCn1cc[n+](C)c1.O=C([O-])[C@@H]1CCCN1
1076,C[Si](C)(C)O[Si](C)(C)O[Si](C)(C)O[Si](C)(C)O[Si](C)(C)O[Si](C)(C)C
1077,C[Si](C)(C)O[Si](C)(C)O[Si](C)(C)O[Si](C)(C)C
1078,C[Si]1(C)O[Si](C)(C)O[Si](C)(C)O[Si](C)(C)O[Si](C)(C)O[Si](C)(C)O1
1079,CC[N+](CC)(CC)CC.F[B-](F)(F)F
1080,CCC12CC3CC(CC(C3)C1)C2
1081,CC12CC3CC(C)(C1)CC(C)(C3)C2
1082,OCC1CCCCC1
1083,O=[N+]([O-])[O-].[NH4+]
1084,NCCOCCOCCN.O=S(=O)([N-]S(=O)(=O)C(F)(F)F)C(F)(F)F.[Li+]
1085,NCCNCCO.O=S(=O)([N-]S(=O)(=O)C(F)(F)F)C(F)(F)F.[Li+]
1086,O=S(=O)([N-]S(=O)(=O)C(F)(F)F)C(F)(F)F.OCCNCCO.[Li+]
1087,NCCO.O=S(=O)([N-]S(=O)(=O)C(F)(F)F)C(F)(F)F.[Li+]
1088,CC[n+]1ccccc1.O=S(=O)([O-])C(F)(F)F
1089,O=P([O-])(O)O.[NH4+]
1090,CC[C@H](C)[C@H](N)C(=O)O
1091,Cn1cc[n+](CCO)c1.F[B-](F)(F)F
1092,CCCC[n+]1ccn(C)c1.CS(=O)(=O)[O-]
1093,C[P+](c1ccccc1)(c1ccccc1)c1ccccc1.[Br-]
1094,NC(=O)C(F)(F)F
1095,O=C([O-])CC(=O)[O-].[Na+].[Na+]
1096,CC(=O)Nc1ccc(O)cc1
1097,[Cl-].[Cl-].[Cl-].[Fe+3]
1098,O=C([O-])CC(O)(CC(=O)[O-])C(=O)[O-].[NH3+]CCO.[NH3+]CCO.[NH3+]CCO
1099,CCCC[N+]1(C)CCCC1.O=S(=O)([O-])C(F)(F)F
1100,C[N+](C)(C)C.[Cl-]
1101,O=C([O-])[C@H](O)[C@@H](O)[C@H](O[C@@H]1O[C@H](CO)[C@H](O)[C@H](O)[C@H]1O)[C@H](O)CO.[Na+]
1102,CCCC[P+](CCCC)(CCCC)CCCC.O=C[O-]
1103,CCCC[N+](CCCC)(CCCC)CCCC.[Cl-]
1104,CCCC[N+]1(C)CCCC1.N#C[C-](C#N)C#N
1105,c1ccc2sccc2c1
1106,O=S(=O)(O)CCN1CCOCC1
1107,O=S(=O)(O)CCCN1CCOCC1
1108,O=S(=O)(O)CC(O)CN1CCOCC1
1109,CCCCCC(=O)[O-].C[NH2+]c1ccccc1
1110,CC[N+](CC)(CC)CC.[Br-]
1111,COP(=O)([O-])OC.Cn1cc[n+](C)c1
1112,C1CC[NH2+]C1.O=[N+]([O-])[O-]
1113,C1CC[NH2+]C1.CCCCCCCC(=O)[O-]
1114,CCn1cc[n+](C)c1.O=S(=O)([O-])C(F)(F)C(F)F
1115,OC[C@H]1O[C@H](O[C@H]2[C@H](O)[C@@H](O)C(O)O[C@@H]2CO)[C@H](O)[C@@H](O)[C@@H]1O
1116,OC[C@H]1OC(OC[C@H]2OC(O[C@]3(CO)O[C@H](CO)[C@@H](O)[C@@H]3O)[C@H](O)[C@@H](O)[C@@H]2O)[C@H](O)[C@@H](O)[C@H]1O
1117,O=C([O-])CC(O)(CC(=O)[O-])C(=O)[O-].[NH4+].[NH4+].[NH4+]
1118,CN(C)C(=N)[NH+](C)C.c1c[n-]cn1
1119,CCCCCCC(=O)OCC(COC(=O)CCCCCC)(COC(=O)CCCCCC)COC(=O)CCCCCC
1120,CCCCCCCCCCCC[N+](C)(C)C.[Br-]
1121,O=C(O)C(=O)O
1122,O=S(=O)([N-]S(=O)(=O)C(F)(F)F)C(F)(F)F.[Li+]
1123,C=CCn1cc[n+](CCOC)c1.O=S(=O)([N-]S(=O)(=O)C(F)(F)F)C(F)(F)F
1124,CC(C)C#N
1125,COC(=O)c1ccccc1C(=O)OC
1126,Cc1ccc(S(=O)(=O)O)cc1
1127,O=C(O)CC(O)(CC(=O)O)C(=O)O
1128,CC(=O)C1CC1
1129,CC(=O)C1CCOC1=O
1130,CC(=O)CCCCl
1131,CCn1cc[n+](C)c1.Cl[Al-](Cl)(Cl)[Cl+][Al-](Cl)(Cl)Cl
1132,CCn1cc[n+](C)c1.Cl[Al-](Cl)(Cl)Cl
1133,Cn1c(=O)c2c(ncn2C)n(C)c1=O
1134,Cn1c(=O)c2nc[nH]c2n(C)c1=O
1135,Cn1cnc2c1c(=O)[nH]c(=O)n2C
1136,O=C(O[C@@H]1Cc2c(O)cc(O)cc2O[C@@H]1c1cc(O)c(O)c(O)c1)c1cc(O)c(O)c(O)c1
1137,OC1COCOC1
1138,OCC1COCO1
1139,CCC[N+](CCC)(CCC)Cc1ccccc1.[Cl-]
1140,Cc1ccc(C)c(C)c1
1141,CC[N+](CC)(CC)CC.[Cl-]
1142,CCC(C)Br
1143,CC(C)(C)Br
1144,O=C(O)C=Cc1ccccc1
1145,O=C(O)c1ccccc1O
1146,O=C(O)c1ccccc1C(=O)O
1147,O=C(O)c1cccc([N+](=O)[O-])c1
1148,O=C(O)CCC(=O)O
1149,NCCCC[C@H](N)C(=O)O
1150,CCCCCCCCCCCCCC[P+](CCCCCC)(CCCCCC)CCCCCC.c1nnc[n-]1
1151,CCCCCCCCCCCCCC[P+](CCCCCC)(CCCCCC)CCCCCC.[O-]c1ccccc1
1152,CCCCCCCCCCCCCC[P+](CCCCCC)(CCCCCC)CCCCCC.c1ccc2[n-]nnc2c1
1153,CCCCCCCCCCCCCC[P+](CCCCCC)(CCCCCC)CCCCCC.c1c[n-]nn1
1154,CCCCCCCCCCCCCC[P+](CCCCCC)(CCCCCC)CCCCCC.c1ccc2[n-]cnc2c1
1155,CC(C)(C)c1ccccc1
1156,CCCCC(CC)COC(=O)c1ccc(C(=O)OCC(CC)CCCC)c(C(=O)OCC(CC)CCCC)c1
1157,CCCCCCCCCCCCCCCC[N+](C)(C)C.[Br-]
1158,C[N+](C)(C)CC(=O)O.[Cl-]
1159,CO[C@H]1O[C@H](CO)[C@@H](O)[C@H](O)[C@@H]1O
1160,C[C@@H](O)[C@@H](O)[C@H](O)[C@H](O)C=O
1161,OC[C@H]1O[C@@H](O[C@H]2[C@H](O)[C@@H](O)[C@H](O)O[C@@H]2CO)[C@H](O)[C@@H](O)[C@@H]1O
1162,CCCCCCCCCCCCCC[P+](CCCCCC)(CCCCCC)CCCCCC.O=[N+]([O-])c1cnc[n-]1
1163,CCCCCCCCCCCCCC[P+](CCCCCC)(CCCCCC)CCCCCC.N#Cc1nc[n-]c1C#N
1164,CCCCCCCCCCCCCC[P+](CCCCCC)(CCCCCC)CCCCCC.Cc1nc([N+](=O)[O-])c[n-]1
1165,Brc1ccc2[n-]cnc2c1.CCCCCCCCCCCCCC[P+](CCCCCC)(CCCCCC)CCCCCC
1166,CC(=O)[O-].CCCCCCCCCCCCCC[P+](CCCCCC)(CCCCCC)CCCCCC
1167,CCCCCCn1cc[n+](C)c1C.O=S(=O)([N-]S(=O)(=O)C(F)(F)F)C(F)(F)F
1168,CCCCCCCCCCCC[P+](CCCC)(CCCC)CCCC.c1c[n-]nn1
1169,CCCCCCCC[P+](CC)(CC)CC.O=[N+]([O-])c1cn[n-]c1
1170,CCCCCCCC[P+](CC)(CC)CC.O=[N+]([O-])c1cnc[n-]1
1171,CCCCCCCC[P+](CC)(CC)CC.Cc1nc([N+](=O)[O-])c[n-]1
1172,CCC=Cn1cc[n+](C)c1C.O=[N+]([O-])c1cn[n-]c1
1173,CCCC[P+](CC)(CC)CC.Cc1nc([N+](=O)[O-])c[n-]1
1174,CCCn1cc[n+](C)c1C.O=[N+]([O-])c1cn[n-]c1
1175,O=S(=O)([O-])[O-].O=[V+2]
1176,CCN(CC)C(C)=O
1177,CCCN(CCC)C(C)=O
1178,CC(=O)N(C(C)C)C(C)C
1179,CCC(=O)N(CC)CC
1180,CCNC(C)=O
1181,CN1CCCCCC1=O
1182,CC(C)(C)N1CCCC1=O
1183,O=C1CCCCCN1
1184,O=C(O)c1ccco1
1185,Cc1ccccc1C(=O)O
1186,C/C=C/C(=O)OCC
1187,CC=CC(=O)OCC
1188,O=C(CO)[C@@H](O)[C@H](O)[C@@H](CO)O[C@H]1O[C@H](CO)[C@@H](O)[C@H](O)[C@H]1O
1189,CCCC[N+](CCCC)(CCCC)CCCC.O=S(=O)([O-])O
1190,CC(=O)CCC(=O)O
1191,O=C(O)CCCC(=O)O
1192,C[NH+](C)C.O=S(=O)([N-]S(=O)(=O)C(F)(F)F)C(F)(F)F
1193,CCCCN(CCO[N+](=O)[O-])[N+](=O)[O-]
1194,F[Ta](F)(F)(F)F
1195,CC(=O)[O-].CCn1cc[n+](CC)c1
1196,CCC(=O)[O-].C[NH+](C)Cc1ccccc1
1197,CCCCCC(=O)[O-].C[NH+](C)Cc1ccccc1
1198,CCCCCCCCCCCCCCCCCCO
1199,Cc1c[nH]cn1
1200,c1cn[nH]c1
1201,CC(N)C(=O)[O-].CCCCCC[n+]1ccn(C)c1
1202,OC[C@H]1O[C@@H]2O[C@H]3[C@H](O)[C@@H](O)[C@@H](O[C@H]4[C@H](O)[C@@H](O)[C@@H](O[C@H]5[C@H](O)[C@@H](O)[C@@H](O[C@H]6[C@H](O)[C@@H](O)[C@@H](O[C@H]7[C@H](O)[C@@H](O)[C@@H](O[C@H]8[C@H](O)[C@@H](O)[C@@H](O[C@H]1[C@H](O)[C@H]2O)O[C@@H]8CO)O[C@@H]7CO)O[C@@H]6CO)O[C@@H]5CO)O[C@@H]4CO)O[C@@H]3CO
1203,[2HH]
1204,[2H][2H]
1205,CC(N)(CO)CO
1206,CCI
1207,C[C@H](O)C(=O)O
1208,CCCCCCCCCCOC(C)=O
1209,CCCCCCCCCCCCOC(C)=O
1210,N#CCCCC#N
1211,c1cc[nH]c1
1212,CCCCNC(N)=O
1213,O=C([O-])C(F)(F)F.[Na+]
1214,BrC(Br)(Br)Br
1215,CCC[N+]1(C)CCOCC1.[Br-]
1216,CCCC[N+]1(C)CCOCC1.[Br-]
1217,CCCCC[N+]1(C)CCOCC1.[Br-]
1218,CCCCC[N+]1(C)CCCCC1.[Br-]
1219,CC(=O)OCC[N+](C)(C)C.[Cl-]
1220,CCC[N+](CCC)(CCC)CCC.[Br-]
1221,C[NH+](C)C.[Cl-]
1222,CCCCCCc1ccccc1
1223,CCCCCCCCc1ccccc1
1224,CCCCCCCCCCCCc1ccccc1
1225,O=[Cr](=O)([O-])[O-].[K+].[K+]
1226,O=[Cr](=O)([O-])O[Cr](=O)(=O)[O-].[K+].[K+]
1227,CC[C@@H](CO)NCCN[C@@H](CC)CO.Cl.Cl
1228,CCOP(=O)([O-])OCC.CCn1cc[n+](C)c1
1229,CCOP(=O)([O-])OCC.CC[N+]1(C)CCOCC1
1230,CCOP(=O)([O-])OCC.CC[N+]1(C)CCCC1
1231,O=S(=O)([O-])c1ccccc1.[Na+]
1232,O=S(=O)([O-])c1ccc(Cl)cc1.[Na+]
1233,Cc1ccc(S(=O)(=O)[O-])cc1.[Na+]
1234,O=S(=O)([O-])c1ccc(O)cc1.[Na+]
1235,Nc1ccc(S(=O)(=O)[O-])cc1.[Na+]
1236,[Cl-].c1ccc(C[P+](c2ccccc2)(c2ccccc2)c2ccccc2)cc1
1237,C=CC[P+](c1ccccc1)(c1ccccc1)c1ccccc1.[Br-]
1238,OCC1CC1
1239,CC1CC(=O)O1
1240,CC1CCC(=O)O1
1241,NCCCNCCCN
1242,O=C([O-])[O-].[K+].[K+]
1243,NCCCC[C@H](N)C(=O)[O-].[K+]
1244,N[C@@H](Cc1c[nH]cn1)C(=O)[O-].[K+]
1245,CCCCCCCCCCCCCC[P+](CCCCCC)(CCCCCC)CCCCCC.N#Cc1ccc[n-]1
1246,CCCCCCCCCCCCCC[P+](CCCCCC)(CCCCCC)CCCCCC.O=[N+]([O-])c1cn[n-]c1
1247,CCCCCCCCCCCCCC[P+](CCCCCC)(CCCCCC)CCCCCC.c1nnn[n-]1
1248,CC[P+](CC)(CC)COCCOC.c1c[n-]nn1
1249,CCCCCCn1cc[n+](C)c1.N#Cc1ccc[n-]1
1250,CCCCCCCCCC[P+](CC)(CC)CC.O=[N+]([O-])c1cn[n-]c1
1251,CC[P+](CC)(CC)COCCOC.O=S(=O)([N-]S(=O)(=O)C(F)(F)F)C(F)(F)F
1252,CCCCCCC[P+](CC)(CC)CC.O=[N+]([O-])c1cn[n-]c1
1253,CCCCCCn1cc[n+](C)c1.O=[N+]([O-])c1cn[n-]c1
1254,CCCCCCn1cc[n+](C)c1.c1nnn[n-]1
1255,CCCCCCCC[P+](CC)(CC)CC.O=S(=O)([N-]S(=O)(=O)C(F)(F)F)C(F)(F)F
1256,CCCCCCn1cc[n+](C)c1C.O=[N+]([O-])c1cn[n-]c1
1257,C[N+](C)(C)CCO.NCC(=O)[O-]
1258,C[C@H](N)C(=O)[O-].C[N+](C)(C)CCO
1259,C[N+](C)(C)CCO.O=C([O-])[C@@H]1CCCN1
1260,NS(=O)(=O)c1cc(C(=O)O)c(NCc2ccco2)cc1Cl
1261,O=CC[C@H](O)[C@H](O)CO
1262,OC[C@H]1OC(O)C[C@@H](O)[C@@H]1O
1263,C[C@@H]1O[C@@H](O)[C@H](O)[C@H](O)[C@H]1O
1264,CO[C@H]1O[C@H](CO)[C@@H](O)[C@H](O)[C@H]1O
1265,OC[C@H]1O[C@@](CO)(O[C@H]2O[C@H](CO)[C@@H](O)[C@H](O)[C@H]2O)[C@@H](O[C@H]2O[C@H](CO)[C@@H](O)[C@H](O)[C@H]2O)[C@@H]1O
1266,OC[C@H]1O[C@H](OC[C@H]2O[C@H](O[C@]3(CO)O[C@H](CO)[C@@H](O)[C@@H]3O)[C@H](O)[C@@H](O)[C@@H]2O)[C@H](O)[C@@H](O)[C@H]1O
1267,C1CCCCCCCCCCC1
1268,CCOS(=O)(=O)[O-].CC[N+]1(C)CCCCC1
1269,CCOS(=O)(=O)[O-].CC[N+]1(C)CCOCC1
1270,CCOS(=O)(=O)[O-].CC[N+]1(C)CCCC1
1271,C1CCC2=[NH+]CCCN2CC1.CC(=O)[O-]
1272,C1CCC2=[NH+]CCCN2CC1.O=C([O-])C(F)(F)F
1273,C1CCC2=[NH+]CCCN2CC1.CS(=O)(=O)[O-]
1274,C1CCC2=[NH+]CCCN2CC1.O=S(=O)([O-])C(F)(F)F
1275,C=C(C)C(=O)OCCCCCCC
1276,C[N+](C)(C)CCO.NCCS(=O)(=O)[O-]
1277,CC/C(C)=N/O
1278,COC(=O)CC(=O)OC
1279,CC(N)C(=O)[O-].CCCn1cc[n+](C)c1
1280,CC(N)C(=O)[O-].CCCCn1cc[n+](C)c1
1281,CC(N)C(=O)[O-].CCCCCn1cc[n+](C)c1
1282,O=[PH](O)O
1283,CCCCCCCCCCCCCCCCC
1284,O=[N+]([O-])[O-].O=[N+]([O-])[O-].[Cd+2]
1285,CC(=O)[O-].CC[N+]1(C)CCCC1
1286,CC[N+]1(C)CCCC1.O=C([O-])CO
1287,CC[N+]1(C)CCOCC1.O=C([O-])CO
1288,[Cl-].[Cl-].[Sr+2]
1289,O.O.O=C(O)C(=O)O
1290,CCN.Cl
1291,COCC(C)OCC(C)OC
1292,NNC(=O)c1ccncc1
1293,C[C@H](N)C(=O)[O-].[Na+]
1294,CC(C)[C@H](N)C(=O)[O-].[Na+]
1295,C[C@@H](O)[C@H](N)C(=O)[O-].[Na+]
1296,N=C(N)NCCC[C@H](N)C(=O)[O-].[Na+]
1297,CCC[n+]1ccn(C)c1C.N#C[S-]
1298,CCCCn1cc[n+](C)c1C.N#C[S-]
1299,CCCC[N+]1(C)CCCC1.O=S(=O)([O-])C(F)(F)C(F)F
1300,CCCCn1cc[n+](C)c1.O=S(=O)([O-])C(F)(F)C(F)F
1301,CCCC(=O)[O-].CCCCCCCCCCCCCC[P+](CCCCCC)(CCCCCC)CCCCCC
1302,CCCCCC(=O)[O-].CCCCCCCCCCCCCC[P+](CCCCCC)(CCCCCC)CCCCCC
1303,CCCCCCCC(=O)[O-].CCCCCCCCCCCCCC[P+](CCCCCC)(CCCCCC)CCCCCC
1304,CCCCCCCCCCCCCC(=O)OCC
1305,CCCCCC[n+]1ccn(C)c1.[I-]
1306,CCCCCCCCCC(=O)OC
1307,CCCCCCCCCCCC(=O)OC
1308,CCCCCCCCCCCCCC(=O)OC
1309,Cn1cc[n+](CCC[N+](C)(C)C)c1.N#C[N-]C#N.N#C[N-]C#N
1310,C[N+](C)(C)CCC[N+]1(C)CCCCC1.N#C[N-]C#N.N#C[N-]C#N
1311,C[N+](C)(C)CCC[n+]1ccccc1.N#C[N-]C#N.N#C[N-]C#N
1312,OC1CCCC1
1313,CC1=CCC(=C(C)C)CC1
1314,CC(C)[O-].CC(C)[O-].CC(C)[O-].CC(C)[O-].[Ti+4]
1315,CCCC1CCCCC1
1316,CCCCCC1CCCCC1
1317,CCCCCCC1CCCCC1
1318,CCCCCCCC1CCCCC1
1319,CCCCCCCCC1CCCCC1
1320,CCCCCCCCCCC1CCCCC1
1321,CCCCCCCCCCCCC1CCCCC1
1322,NCCCCN
1323,CCCCCCCC/C=C\CCCCCCCC(=O)OCC
1324,CCCC[n+]1ccc(C)cc1.[Br-]
1325,CCCCCC[n+]1ccc(C)cc1.[Br-]
1326,CCCCCCCC[n+]1ccc(C)cc1.[Br-]
1327,CC1(C)OCC(CO)O1
1328,O=[PH2][O-].[Na+]
1329,O=[PH2][O-].O=[PH2][O-].[Zn+2]
1330,CC(=O)[O-].CCCC[P+](CCCC)(CCCC)CCCC
1331,CC(C)(CO)[C@@H](O)C(=O)NCCCO
1332,CCn1cc[n+](C)c1.[Br-]
1333,CCCCC#N
1334,C[NH2+]C(C)Cc1ccc2c(c1)OCO2.[Cl-]
1335,O=C(O)[C@@H]1CCCN1
1336,C[N+](C)(C)CC(=O)[O-]
1337,C/C1=C\CC/C(C)=C/CC(C)(C)/C=C/C1
1338,C=C1CC/C=C(\C)CC[C@@H]2[C@@H]1CC2(C)C
1339,[Na+].[O-][Cl+2]([O-])[O-]
1340,[K+].[O-][Cl+2]([O-])[O-]
1341,CNCCCN
1342,CN(C)CCN(C)C
1343,CN(C)CCCN(C)C
1344,CCC=O
1345,CCCC[N+](CCCC)(CCCC)Cc1ccccc1.[Cl-]
1346,c1nnn[nH]1
1347,c1nc[nH]n1
1348,c1cscn1
1349,[Sn]
1350,[Ga]
1351,CC[S+](CC)CC.O=S(=O)([N-]S(=O)(=O)C(F)(F)F)C(F)(F)F
1352,C=CCn1cc[n+](C)c1.O=S(=O)([N-]S(=O)(=O)C(F)(F)F)C(F)(F)F
1353,O=S(=O)([N-]S(=O)(=O)C(F)(F)F)C(F)(F)F.On1cc[n+](O)c1
1354,CCCCCCCCCC1CCCCC1
1355,CCC[N+]1(C)CCCC1.O=S(=O)([N-]S(=O)(=O)C(F)(F)F)C(F)(F)F
1356,CCC[N+]1(C)CCCC1.N#C[N-]C#N
1357,CO/N=C(\C(=O)N[C@@H]1C(=O)N2C(C(=O)[O-])=C(CSc3nc(=O)c(=O)[n-]n3C)CS[C@H]12)c1csc(N)n1.[Na+].[Na+]
1358,CCOC(F)(C(F)(F)C(F)(F)C(F)(F)F)C(F)(C(F)(F)F)C(F)(F)F
1359,C[N+]1(CC2CO2)CCCC1=O.[Cl-]
1360,[Cl-].[Cl-].[Zn+2]
1361,CC[N+](CC)=C(N(C)C)N(C)C.O=S(=O)([N-]S(=O)(=O)C(F)(F)F)C(F)(F)F
1362,CC[n+]1ccccc1.N#C[N-]C#N
1363,C[C@H](N)C(=O)N[C@@H](C)C(=O)O
1364,CC(C)[C@H](NC(=O)[C@H](C)N)C(=O)O
1365,CC(C)C[C@H](NC(=O)[C@H](C)N)C(=O)O
1366,CCCCCCCCNCCCCCCCC
1367,O=N[O-].[Na+]
1368,CC1(C)S[C@@H]2[C@H](NC(=O)[C@H](N)c3ccccc3)C(=O)N2[C@H]1C(=O)[O-].[Na+]
1369,CCCC(=O)[O-].CC[NH2+]CC
1370,[Zn]
1371,CCCC[n+]1ccccc1.[Br-]
1372,CCCC[N+](CC)(CC)CC.[Br-]
1373,CCCCCCCCCC(=O)O
1374,CCCCCCCC[N+](CCCCCCCC)(CCCCCCCC)CCCCCCCC.[Br-]
1375,CN(CC(=O)O)C(=N)N
1376,CN1CC(=O)N=C1N
1377,CCCCOC(=O)CC(O)(CC(=O)O)C(=O)OCCCC
1378,CCCCOC(=O)CC(O)(CC(=O)OCCCC)C(=O)O
1379,Cc1ncc[nH]1
1380,Cc1nc(C)c(C)[nH]1
1381,Cc1nc(C)n(C)c1C
1382,Cn1cc[n+](CCC[n+]2ccn(C)c2)c1.[Br-].[Br-]
1383,CCCC[n+]1ccccc1.O=S(=O)(F)[N-]S(=O)(=O)F
1384,CCC[N+]1(C)CCCCC1.O=S(=O)([N-]S(=O)(=O)C(F)(F)F)C(F)(F)F
1385,CCC[N+]1(C)CCCCC1.O=S(=O)(F)[N-]S(=O)(=O)F
1386,CCCCC[N+](CC)(CC)CC.O=S(=O)([N-]S(=O)(=O)C(F)(F)F)C(F)(F)F
1387,CCCCC[P+](CC)(CC)CC.O=S(=O)([N-]S(=O)(=O)C(F)(F)F)C(F)(F)F
1388,CCC[N+](C)(C)C.O=S(=O)([N-]S(=O)(=O)C(F)(F)F)C(F)(F)F
1389,CCCC[N+]1(C)CCCC1.O=S(=O)(F)[N-]S(=O)(=O)F
1390,C1=C[C@H]2[C@@H](C1)[C@H]1C=C[C@@H]2C1
1391,O=C(O)CBr
1392,CCCCCCCC[N+](C)(CCCCCCCC)CCCCCCCC.[Br-]
1393,CCCCCC(=O)[O-].CCCCCCCC[NH+](CCCCCCCC)CCCCCCCC
1394,N#C[C-](C#N)C#N.OCC[n+]1ccccc1
1395,N#C[C-](C#N)C#N.OCCC[n+]1ccccc1
1396,CCCCCCCCCCCC[N+](C)(C)Cc1ccccc1.O=S(=O)([N-]S(=O)(=O)C(F)(F)F)C(F)(F)F
1397,CCCC[P+](CC)(CC)CC.N#Cc1ccc[n-]1
1398,CCCCCCCC[P+](CC)(CC)CC.N#Cc1ccc[n-]1
1399,CCCCCCCCCCCC[P+](CC)(CC)CC.N#Cc1ccc[n-]1
1400,CCCCCCCCCCCC[P+](CCCC)(CCCC)CCCC.N#Cc1ccc[n-]1
1401,CCCCCCCCCCCCCCCCCC[P+](CCCC)(CCCC)CCCC.N#Cc1ccc[n-]1
1402,Cc1cccc[n+]1CCCO.[Cl-]
1403,Cc1ccc[n+](CCCO)c1.[Cl-]
1404,Cc1cc[n+](CCCO)cc1.[Cl-]
1405,CCCCCC[n+]1ccn(C)c1.O=[N+]([O-])[O-]
1406,O=C(c1ccccc1)c1ccc2n1CCC2C(=O)[O-].[NH3+]C(CO)(CO)CO
1407,Cn1cc[n+](C)c1.[Cl-]
1408,CCC[n+]1ccccc1.N#C[N-]C#N
1409,CCCC[n+]1ccccc1.N#C[N-]C#N
1410,CCCCC[n+]1ccccc1.N#C[N-]C#N
1411,CCCCCC[n+]1ccccc1.N#C[N-]C#N
1412,CCC[n+]1ccn(C)c1.N[C@@H](CO)C(=O)[O-]
1413,CCCC[n+]1ccn(C)c1.N[C@@H](CO)C(=O)[O-]
1414,[F-].[Na+]
1415,O=S(=O)(F)[N-]S(=O)(=O)F.[K+]
1416,[Cl-].[Cl-].[Cl-].[Sb+3]
1417,Cn1cc[n+](CCC(F)(F)C(F)(F)F)c1.F[P-](F)(F)(F)(F)F
1418,CCCCCCCBr
1419,CCCCCCCCBr
1420,CCCCCCCCCBr
1421,CCCCCCCCCCBr
1422,CCc1cccc(CC)c1
1423,O=C([O-])[C@H](O)[C@@H](O)[C@H](O)[C@H](O)CO.[Na+]
1424,CC(O)CC(C)(C)O
1425,Cl
1426,O=C(O)CC(O)C(=O)O
1427,[Al]
1428,O=C(Cl)c1ccccc1
1429,ClCCCCCCCl
1430,Cc1ccc(NC(=O)NC(C)CCCC(C)C)cc1NC(=O)NC(C)CCCC(C)C
1431,CCCCCC(CC)NC(=O)Nc1ccc(C)c(NC(=O)NC(CC)CCCCC)c1
1432,Cc1ccc(NC(=O)NCCCCCCCCCCC(C)C)cc1NC(=O)NCCCCCCCCCCC(C)C
1433,Cc1ccc(NC(=O)NCCCCCCCCCCCCCCC(C)C)cc1NC(=O)NCCCCCCCCCCCCCCC(C)C
1434,O=S(=O)([O-])C(F)(F)F.[Li+]
1435,[O-][Cl+3]([O-])([O-])O[Cl+3]([O-])([O-])[O-]
1436,[Ce+3].[Cl-].[Cl-].[Cl-]
1437,NCCO.O=CO
1438,CC(=O)O.NCCO
1439,CCCC(=O)[O-].[NH3+]CCO
1440,CCCCCC(=O)[O-].[NH3+]CCO
1441,COC[n+]1ccn(C)c1.O=S(=O)([N-]S(=O)(=O)C(F)(F)F)C(F)(F)F
1442,CCOC[n+]1ccn(C)c1.O=S(=O)([N-]S(=O)(=O)C(F)(F)F)C(F)(F)F
1443,COCCn1cc[n+](C)c1.O=S(=O)([N-]S(=O)(=O)C(F)(F)F)C(F)(F)F
1444,CCOCC[n+]1ccn(C)c1.O=S(=O)([N-]S(=O)(=O)C(F)(F)F)C(F)(F)F
1445,COCCC[n+]1ccn(C)c1.O=S(=O)([N-]S(=O)(=O)C(F)(F)F)C(F)(F)F
1446,CCCOCC[n+]1ccn(C)c1.O=S(=O)([N-]S(=O)(=O)C(F)(F)F)C(F)(F)F
1447,COC[n+]1ccccc1.O=S(=O)([N-]S(=O)(=O)C(F)(F)F)C(F)(F)F
1448,COC[N+]1(C)CCCC1.O=S(=O)([N-]S(=O)(=O)C(F)(F)F)C(F)(F)F
1449,COC(=O)OCC(F)(F)F
1450,C[NH+](C)CCO.O=C([O-])CC(=O)O
1451,C[NH+](C)CCO.O=C([O-])CC(O)C(=O)O
1452,CC(=O)O.CC(=O)[O-].CC[NH+](CC)CCO
1453,CCC(=O)O.CCC(=O)[O-].CC[NH+](CC)CCO
1454,CCCCCC(=O)O.CCCCCC(=O)[O-].CC[NH+](CC)CCO
1455,CCCC(=O)[O-].CC[NH+](CC)CCO
1456,CCCCC(=O)[O-].CC[NH+](CC)CCO
1457,CC(=O)[O-].CCCC[NH2+]CCO
1458,O=S(=O)([O-])NC1CCCCC1.[Li+]
1459,O=S(=O)([O-])NC1CCCCC1.[Na+]
1460,O=S(=O)([O-])NC1CCCCC1.[K+]
1461,O=S(=O)([O-])NC1CCCCC1.[Cs+]
1462,O=S(=O)([O-])NC1CCCCC1.[Rb+]
1463,CCCCCCCCCCCCCCCCCC(=O)O
1464,CCCCCCCC/C=C\CCCCCCCC(=O)O
1465,CCC(=O)[O-].OCC[NH2+]c1ccccc1
1466,CCCC(=O)[O-].OCC[NH2+]c1ccccc1
1467,CCCCCCCCCCCCOS(=O)(=O)[O-].CCCCn1cc[n+](C)c1
1468,CC(=O)C(=O)[O-].[Na+]
1469,CC[NH+](C)CC.CS(=O)(=O)[O-]
1470,CC(C)Cc1ccc(C(C)C(=O)O)cc1
1471,CCC[NH3+].O=[N+]([O-])[O-]
1472,CC[NH2+]CC.O=[N+]([O-])[O-]
1473,CC[NH+](CC)CC.O=[N+]([O-])[O-]
1474,CC[N+](CC)(CC)CC.O=[N+]([O-])[O-]
1475,CC(C)c1cc(C(C)C)cc(C(C)C)c1
1476,NCCNCCNCCN
1477,C1CN2CN3CCN(CN1C3)C2
1478,[Br-].[Br-].[Br-].[Sb+3]
1479,Nc1ccc(Br)cc1
1480,CCCCCCCCCCCC(=O)O
1481,CCCCCCCCCCCCCC(=O)O
1482,CCCCCCCCCCCCCCCC(=O)O
1483,O=c1[nH]c2nc(O)nc(O)c2[nH]1
1484,CC[NH+](C)CC.[Br-]
1485,C=CCC[n+]1ccn(C)c1.[Br-]
1486,C=CCC[n+]1ccn(CC)c1.[Br-]
1487,C=CCC[n+]1ccn(CCCC)c1.[Br-]
1488,C[Si]1(C)O[Si](C)(C)O[Si](C)(C)O[Si](C)(C)O1
1489,CCCCCC[n+]1ccn(C)c1.N#C[S-]
1490,CCCCCCCC[n+]1ccn(C)c1.N#C[S-]
1491,CC(=O)[O-].CC[N+]1(C)CCOCC1
1492,CCC(=O)[O-].CC[N+]1(C)CCOCC1
1493,O=S(=O)(F)[N-]S(=O)(=O)F.[Na+]
1494,O=C(C=Cc1ccccc1)c1ccccc1
1495,COc1ccc(/C=C/C(=O)c2ccccc2)cc1
1496,Cc1cccc(N)c1
1497,CCCCCC[N+](C)(C)C.[Br-]
1498,CCCCCCCC[N+](C)(C)C.[Br-]
1499,CCCCCCCCCC[N+](C)(C)C.[Br-]
1500,CCCCCCCCCCCCCC[N+](C)(C)C.[Br-]
1501,[Cl-].[Cl-].[Cl-].[Cl-].[Ti+4]
1502,CCCCCC[N+]1(C)CCOCC1.[Br-]
1503,CCCCOP(=O)(O)OCCCC
1504,CC(CC(C)(C)C)CP(=O)([O-])CC(C)CC(C)(C)C.CCCC[P+](C)(CCCC)CCCC
1505,CC(CC(C)(C)C)CP(=O)([O-])CC(C)CC(C)(C)C.CCCCCCCC[P+](C)(C)C
1506,CCCCCCCCCCCCCC[P+](CCCC)(CCCC)CCCC.CCCCCCCCCCCCc1ccccc1S(=O)(=O)[O-]
1507,O=C(O)C(F)(F)C(F)(F)C(F)(F)C(F)(F)F
1508,C[S+](C)C.O=S(=O)([N-]S(=O)(=O)C(F)(F)F)C(F)(F)F
1509,CCCCn1cc[n+](C)c1.Cl[Fe-](Cl)(Cl)Cl
1510,CCCCCCn1cc[n+](C)c1.Cl[Fe-](Cl)(Cl)Cl
1511,CCCCCCCCn1cc[n+](C)c1.Cl[Fe-](Cl)(Cl)Cl
1512,CCCCCCCC/C=C\CCCCCCCCO
1513,OC[C@H](O)C(O)[C@@H](O)CO
1514,O=[PH2][O-].O=[PH2][O-].[Mn+2]
1515,[Cl-].[Cl-].[Mn+2]
1516,CCCC[P+](CC)(CCCC)CCCC.F[B-](F)(F)F
1517,CCCCCC[P+](CCCC)(CCCC)CCCC.F[B-](F)(F)F
1518,O=[Mn](=O)(=O)[O-].[K+]
1519,O=S(=O)([O-])[O-].[Mn+2]
1520,C[N+](C)(CCCS(=O)(=O)O)C1CCCCC1.Cc1ccc(S(=O)(=O)[O-])cc1
1521,CCC[N+]1(C)CCCC1.O=S(=O)(F)[N-]S(=O)(=O)F
1522,CCCCNCCO
1523,O=C(O)C=Cc1ccc(O)c(O)c1
1524,CC(=O)[O-].C[NH+]1CCCC1
1525,CCCCN(CCC#N)CCCC
1526,CCCCN(CCO)CCCC
1527,CCn1cc[n+](CCOC)c1.O=S(=O)([N-]S(=O)(=O)C(F)(F)F)C(F)(F)F
1528,C[N+](C)(C)C.[OH-]
1529,CC[n+]1ccn(C)c1.C[C@H](O)C(=O)[O-]
1530,CC(O)C(=O)[O-].CN(C)C(=N)[NH+](C)C
1531,CN1CCN(C)C1=O
1532,Cn1cc[n+](CCC[n+]2ccccc2)c1.[Br-].[Br-]
1533,C[N+](C)(C)CCO.O=C([O-])CCCC[C@@H]1SC[C@@H]2NC(=O)N[C@@H]21
1534,C[N+](C)(C)CCO.O=C1O[C@H]([C@@H](O)CO)C([O-])=C1O
1535,C[N+](C)(C)CCO.O=C([O-])c1cccnc1
1536,O=Cc1ccco1
1537,O=C(O)C(Cl)Cl
1538,CCCC[N+]1(C)CCCC1.FC(F)(F)C(F)(F)[P-](F)(F)(F)(C(F)(F)C(F)(F)F)C(F)(F)C(F)(F)F
1539,FC1CC(F)(F)C(F)(F)C1(F)F
1540,FC(F)C(F)(F)OCC(F)(F)C(F)(F)C(F)(F)C(F)F
1541,CC[N+]1(C)CCCC1.O=S(=O)(F)[N-]S(=O)(=O)F
1542,F.[F-].[Na+]
1543,CCn1cc[n+](CCOC)c1.N#C[S-]
1544,CNS(C)(=O)=O
1545,CC(=O)C(=O)O
1546,CC12CCC(CC1=O)C2(C)C
1547,Cc1ccc(O)cc1C
1548,CC[N+](CC)(CC)CC.Cc1ccc(S(=O)(=O)[O-])cc1
1549,CCCCCCCCCCCC(=O)[O-].[Na+]
1550,CC[N+]1(C)CCCC1.COP(=O)([O-])OC
1551,COP(=O)([O-])OC.C[N+]1(CCO)CCCC1
1552,CCCCCCCC(=O)[O-].CCCCCC[NH+](CCCCCC)CCCCCC
1553,C[NH2+]CCO.O=C([O-])c1ccccc1O
1554,CCC[NH2+]CCO.O=C([O-])c1ccccc1O
1555,CCCC[NH2+]CCO.O=C([O-])c1ccccc1O
1556,CCOP(=O)(OCC)OCC
1557,CC/C=C\CCO
1558,CCCC[P+](CCCC)(CCCC)CCCC.CS(=O)(=O)[O-]
1559,O=S(=O)([N-]S(=O)(=O)C(F)(F)F)C(F)(F)F.[Na+]
1560,N#C[N-]C#N.[Na+]
1561,O=S(=O)(F)[N-]S(=O)(=O)C(F)(F)F.[Na+]
1562,N#C[C-](C#N)C#N.[Na+]
1563,C[C@H]1CCCC[C@H]1O
1564,C[C@@H]1CCCC[C@H]1O
1565,Nc1cccc(Cl)c1Cl
1566,C[N+](C)(CCO)CCO.[Cl-]
1567,C[N+](CCO)(CCO)CCO.[Cl-]
1568,CNC[C@H](O)c1cccc(O)c1.Cl
1569,CCCCCCCCC(=O)O
1570,CCOCCn1cc[n+](CCC#N)c1.O=S(=O)([N-]S(=O)(=O)C(F)(F)F)C(F)(F)F
1571,COCCOCC[n+]1ccn(CCC#N)c1.O=S(=O)([N-]S(=O)(=O)C(F)(F)F)C(F)(F)F
1572,CN(C)CCOC(c1ccccc1)c1ccccc1.Cl
1573,COCCn1cc[n+](C)c1.C[C@@H](O)[C@H](N)C(=O)[O-]
1574,CCOCCn1cc[n+](C)c1.C[C@@H](O)[C@H](N)C(=O)[O-]
1575,O=S(=O)([O-])[O-].[Ca+2]
1576,CCn1cc[n+](CCOC)c1.O=S(=O)([O-])C(F)(F)F
1577,CCN(CC)CC(=O)Nc1c(C)cccc1C
1578,CCCCCCCCCCCCCCO
1579,CC(C)(C)C1CCCCC1
1580,CC(C)CC1CCCCC1
1581,Cn1cc[n+](CCC(=O)O)c1.[Cl-]
1582,CC(C)C[C@H](NC(=O)CN)C(=O)O
1583,CCCCC[NH3+].O=[N+]([O-])[O-]
1584,O=S(=O)([O-])[O-].O=S(=O)([O-])[O-].O=S(=O)([O-])[O-].[Fe+3].[Fe+3]
1585,CCCC[N+]1(C)CCCC1.F[P-](F)(F)(F)(F)F
1586,CCCC[n+]1cccc(C)c1.F[P-](F)(F)(F)(F)F
1587,CS(=O)(=O)O
1588,N[C@@H](Cc1c[nH]c2ccccc12)C(=O)O
1589,N[C@@H](Cc1ccc(O)cc1)C(=O)O
1590,NCCC(=O)N[C@@H](Cc1c[nH]cn1)C(=O)O
1591,NCCC(=O)O
1592,O=c1[nH]cc(F)c(=O)[nH]1
1593,CCn1ccnc1
1594,O=C1c2ccccc2C(=O)C1(O)O
1595,CCn1cc[n+](C)c1.CS(=O)(=O)[O-]
1596,C[N+](C)(C)CCO.O=C([O-])c1ccccn1
1597,CCCC[n+]1cc[nH]c1.O=S(=O)([N-]S(=O)(=O)C(F)(F)F)C(F)(F)F
1598,CC[N+](C)(CC)CCOC.F[B-](F)(F)F
1599,CC[N+](C)(CC)CCOC.O=S(=O)([N-]S(=O)(=O)C(F)(F)F)C(F)(F)F
1600,CCC[N+](CCC)(CCC)CCC.F[B-](F)(F)F
1601,CCCC[N+](CCCC)(CCCC)CCCC.F[B-](F)(F)F
1602,CC(=O)[O-].C[N+](C)(C)CCO
1603,C[N+](C)(C)CCO.O=C([O-])C(F)(F)F
1604,C[C@H]1CC[C@@H]2C[C@H]1C2(C)C
1605,C[C@@H]1CC[C@@H]2C[C@H]1C2(C)C
1606,CCOC(=O)Cn1cc[n+](C)c1.[Cl-]
1607,C1CCC2=[NH+]CCCN2CC1.c1nc[n-]n1
1608,NCC(=O)NCC(=O)NCC(=O)NCC(=O)O
1609,OC1CCCCCC1
1610,OC1CCCCCCC1
1611,CCCCCC[n+]1ccccc1.O=[N+]([O-])[O-]
1612,NCC(O)CO
1613,NCC(O)CN
1614,CCCCCCCC[N+](C)(C)CCOCCO.Cc1cc(Cl)ccc1OCC(=O)[O-]
1615,CCCCCCCC[N+](C)(C)CCOCCO.COc1c(Cl)ccc(Cl)c1C(=O)[O-]
1616,CCCCCCCCCCCCCCCC[N+](C)(C)CCOCCO.Cc1cc(Cl)ccc1OCC(=O)[O-]
1617,CCCCCCCCCCCCCCCC[N+](C)(C)CCOCCO.Cc1cc(Cl)ccc1O[C@H](C)C(=O)[O-]
1618,CCc1ccc(O)cc1
1619,Cc1cccc(C)c1O
1620,CC(=O)O.OCCNCCO
1621,CCCC(=O)[O-].OCC[NH2+]CCO
1622,CCCCC(CC)CN
1623,CC1CCCC(C)C1=O
1624,N#C[S-].NC(N)=[NH2+]
1625,O[C@@H]1CO[C@H]2[C@@H]1OC[C@@H]2O
1626,C[N+](C)(C)C[C@H](O)CC(=O)[O-]
1627,CC[P+](c1ccccc1)(c1ccccc1)c1ccccc1.[Br-]
1628,O=S(=O)([N-]S(=O)(=O)C(F)(F)C(F)(F)F)C(F)(F)F.[Li+]
1629,CS(=O)(=O)[O-].C[N+](C)(CCO)CCO
1630,CCOC(=O)C(Cl)(Cl)Cl
1631,CCCCCC[NH2+]CCN.O=S(=O)([N-]S(=O)(=O)C(F)(F)F)C(F)(F)F
1632,CN1CCCN2CCCN=C12
1633,OCCOCCOCCOCCOCCO
1634,OCCOCCOCCOCCOCCOCCO
1635,OCCOCCOCCOCCOCCOCCOCCO
1636,OCCOCCOCCOCCOCCOCCOCCOCCO
1637,OCCOCCOCCOCCOCCOCCOCCOCCOCCO
1638,CCCCCC[n+]1ccn(C)c1.O=S(=O)([O-])C(F)(F)F
1639,CCCCCC[N+](CC)(CC)CC.O=S(=O)([N-]S(=O)(=O)C(F)(F)F)C(F)(F)F
1640,Oc1cccc(O)c1O
1641,CCCCCCCC[N+](CC)(CC)CC.O=S(=O)([N-]S(=O)(=O)C(F)(F)F)C(F)(F)F
1642,CCCCCCCCCCCC[N+](CC)(CC)CC.O=S(=O)([N-]S(=O)(=O)C(F)(F)F)C(F)(F)F
1643,O=C[O-].OCC[NH2+]CCO
1644,CCCCCCCCCCCCCCC
